Workbook

Sheet BOM
M1: Quantity to produce➡️ | N1: 8 | O1: Production➡️ | Q1: Internal
A2: OEPS PN | B2: Schematic Name⬇️ | C2: Qtty.⬇️ | D2: Description | E2: Type | F2: Manufacturer PN⬇️ | G2: Supplier | H2: Supplier PN | I2: Notes⬇️ | J2: Losses | K2: Needed | L2: To order | M2: Stock RM | N2: Packages | O2: Internal | Q2: External
B3: PCB COMPONENTS
A4: =IF($D4="","",VLOOKUP($D4,'components list'!$A$1:$G$1000,2,FALSE())) -> OEPS010011 | B4: C3, C4 | C4: 2 | D4: {=IF(ISBLANK($F4),"",INDIRECT("components list!A"&match(F4,'components list'!$D$1:$D$1000,0)))} -> CAPACITOR: SMD CER 0402 47pF 50V ±5% C0G [04025A470JAT2A] [SMD] | E4: =IF($D4="","",VLOOKUP($D4,'components list'!$A$1:$G$1000,3,FALSE())) -> SMD | F4: 04025A470JAT2A | G4: =IF($D4="","",VLOOKUP($D4,'components list'!$A$1:$G$1000,6,FALSE())) -> DigiKey | H4: =IF($D4="","",VLOOKUP($D4,'components list'!$A$1:$G$1000,7,FALSE())) -> 478-1078-6-ND | J4: =IF(AND(NOT($D4=""),ISNUMBER(C4)),IF($Q$1="Internal",0,VLOOKUP($D4,'components list'!$A$1:$G$1000,5,FALSE())),"") -> 0 | K4: =if(isnumber(L4),if($Q$1="Internal",C4*$N$1,C4*$N$1+J4),"") -> 16 | L4: =IF(AND(NOT(ISBLANK($D4)),ISNUMBER(C4)),IF(C4>0,MAX(0,C4*$N$1+J4-M4),0),"") -> 16 | M4: =IFNA(IF(ISBLANK($A4),"",VLOOKUP($A4,'components list'!$N$1:$AM$10000,4,FALSE())),"") | N4: =IFNA(IF(ISBLANK($A4),"",VLOOKUP($A4,'components list'!$N$1:$AM$10000,3,FALSE())),"") | O4: =if(isnumber(L4),MAX(0,rounddown(M4/C4,0)),"") -> 0 | P4: =if(O4>=$N$1,"OK","NOK") -> NOK | Q4: =if(isnumber(L4),max(0,rounddown((M4-VLOOKUP($D4,'components list'!$A$1:$G$1000,5,FALSE()))/C4,0)),"") -> 0 | R4: =if(Q4>=$N$1,"OK","NOK") -> NOK
A5: =IF($D5="","",VLOOKUP($D5,'components list'!$A$1:$G$1000,2,FALSE())) -> OEPS010017 | B5: C1 | C5: 1 | D5: {=IF(ISBLANK($F5),"",INDIRECT("components list!A"&match(F5,'components list'!$D$1:$D$1000,0)))} -> CAPACITOR: SMD CER 0402 4.7nF 100V ±10% X7R [885012205084] [SMD] | E5: =IF($D5="","",VLOOKUP($D5,'components list'!$A$1:$G$1000,3,FALSE())) -> SMD | F5: 885012205084 | G5: =IF($D5="","",VLOOKUP($D5,'components list'!$A$1:$G$1000,6,FALSE())) -> DigiKey | H5: =IF($D5="","",VLOOKUP($D5,'components list'!$A$1:$G$1000,7,FALSE())) -> 732-12234-6-ND | J5: =IF(AND(NOT($D5=""),ISNUMBER(C5)),IF($Q$1="Internal",0,VLOOKUP($D5,'components list'!$A$1:$G$1000,5,FALSE())),"") -> 0 | K5: =if(isnumber(L5),if($Q$1="Internal",C5*$N$1,C5*$N$1+J5),"") -> 8 | L5: =IF(AND(NOT(ISBLANK($D5)),ISNUMBER(C5)),IF(C5>0,MAX(0,C5*$N$1+J5-M5),0),"") -> 0 | M5: =IFNA(IF(ISBLANK($A5),"",VLOOKUP($A5,'components list'!$N$1:$AM$10000,4,FALSE())),"") -> 15 | N5: =IFNA(IF(ISBLANK($A5),"",VLOOKUP($A5,'components list'!$N$1:$AM$10000,3,FALSE())),"") -> 6(Tp) 9(Tp) | O5: =if(isnumber(L5),MAX(0,rounddown(M5/C5,0)),"") -> 15 | P5: =if(O5>=$N$1,"OK","NOK") -> OK | Q5: =if(isnumber(L5),max(0,rounddown((M5-VLOOKUP($D5,'components list'!$A$1:$G$1000,5,FALSE()))/C5,0)),"") -> 0 | R5: =if(Q5>=$N$1,"OK","NOK") -> NOK
A6: =IF($D6="","",VLOOKUP($D6,'components list'!$A$1:$G$1000,2,FALSE())) -> OEPS010016 | B6: C2, C6, C8, C9, C10, C12, C13, C14, C15, C16, C21 | C6: 11 | D6: {=IF(ISBLANK($F6),"",INDIRECT("components list!A"&match(F6,'components list'!$D$1:$D$1000,0)))} -> CAPACITOR: SMD CER 0402 100nF 50V ±10% X7R [CGA2B3X7R1H104K050BB] [SMD] | E6: =IF($D6="","",VLOOKUP($D6,'components list'!$A$1:$G$1000,3,FALSE())) -> SMD | F6: CGA2B3X7R1H104K050BB | G6: =IF($D6="","",VLOOKUP($D6,'components list'!$A$1:$G$1000,6,FALSE())) -> DigiKey | H6: =IF($D6="","",VLOOKUP($D6,'components list'!$A$1:$G$1000,7,FALSE())) -> 445-6899-6-ND | J6: =IF(AND(NOT($D6=""),ISNUMBER(C6)),IF($Q$1="Internal",0,VLOOKUP($D6,'components list'!$A$1:$G$1000,5,FALSE())),"") -> 0 | K6: =if(isnumber(L6),if($Q$1="Internal",C6*$N$1,C6*$N$1+J6),"") -> 88 | L6: =IF(AND(NOT(ISBLANK($D6)),ISNUMBER(C6)),IF(C6>0,MAX(0,C6*$N$1+J6-M6),0),"") -> 85 | M6: =IFNA(IF(ISBLANK($A6),"",VLOOKUP($A6,'components list'!$N$1:$AM$10000,4,FALSE())),"") -> 3 | N6: =IFNA(IF(ISBLANK($A6),"",VLOOKUP($A6,'components list'!$N$1:$AM$10000,3,FALSE())),"") -> 3(Tp) | O6: =if(isnumber(L6),MAX(0,rounddown(M6/C6,0)),"") -> 0 | P6: =if(O6>=$N$1,"OK","NOK") -> NOK | Q6: =if(isnumber(L6),max(0,rounddown((M6-VLOOKUP($D6,'components list'!$A$1:$G$1000,5,FALSE()))/C6,0)),"") -> 0 | R6: =if(Q6>=$N$1,"OK","NOK") -> NOK
A7: =IF($D7="","",VLOOKUP($D7,'components list'!$A$1:$G$1000,2,FALSE())) -> OEPS010015 | B7: C5, C7, C11, C17 | C7: 4 | D7: {=IF(ISBLANK($F7),"",INDIRECT("components list!A"&match(F7,'components list'!$D$1:$D$1000,0)))} -> CAPACITOR: SMD CER 0603 10uF 16V ±20% X5R [EMK107BBJ106MA-T] [SMD] | E7: =IF($D7="","",VLOOKUP($D7,'components list'!$A$1:$G$1000,3,FALSE())) -> SMD | F7: EMK107BBJ106MA-T | G7: =IF($D7="","",VLOOKUP($D7,'components list'!$A$1:$G$1000,6,FALSE())) -> DigiKey | H7: =IF($D7="","",VLOOKUP($D7,'components list'!$A$1:$G$1000,7,FALSE())) -> 587-3238-6-ND | J7: =IF(AND(NOT($D7=""),ISNUMBER(C7)),IF($Q$1="Internal",0,VLOOKUP($D7,'components list'!$A$1:$G$1000,5,FALSE())),"") -> 0 | K7: =if(isnumber(L7),if($Q$1="Internal",C7*$N$1,C7*$N$1+J7),"") -> 32 | L7: =IF(AND(NOT(ISBLANK($D7)),ISNUMBER(C7)),IF(C7>0,MAX(0,C7*$N$1+J7-M7),0),"") -> 0 | M7: =IFNA(IF(ISBLANK($A7),"",VLOOKUP($A7,'components list'!$N$1:$AM$10000,4,FALSE())),"") -> 53 | N7: =IFNA(IF(ISBLANK($A7),"",VLOOKUP($A7,'components list'!$N$1:$AM$10000,3,FALSE())),"") -> 4(Tp) 49(Tp) | O7: =if(isnumber(L7),MAX(0,rounddown(M7/C7,0)),"") -> 13 | P7: =if(O7>=$N$1,"OK","NOK") -> OK | Q7: =if(isnumber(L7),max(0,rounddown((M7-VLOOKUP($D7,'components list'!$A$1:$G$1000,5,FALSE()))/C7,0)),"") -> 8 | R7: =if(Q7>=$N$1,"OK","NOK") -> OK
A8: =IF($D8="","",VLOOKUP($D8,'components list'!$A$1:$G$1000,2,FALSE())) -> OEPS210002 | B8: C18, C19, C20 | C8: 3 | D8: {=IF(ISBLANK($F8),"",INDIRECT("components list!A"&match(F8,'components list'!$D$1:$D$1000,0)))} -> CAPACITOR POL: SMD TANT A 1206 100uF 10V ±20% 1.4Ohm [TLJA107M010R1400] [SMD] | E8: =IF($D8="","",VLOOKUP($D8,'components list'!$A$1:$G$1000,3,FALSE())) -> SMD | F8: TLJA107M010R1400 | G8: =IF($D8="","",VLOOKUP($D8,'components list'!$A$1:$G$1000,6,FALSE())) -> DigiKey | H8: =IF($D8="","",VLOOKUP($D8,'components list'!$A$1:$G$1000,7,FALSE())) -> 478-5651-6-ND | J8: =IF(AND(NOT($D8=""),ISNUMBER(C8)),IF($Q$1="Internal",0,VLOOKUP($D8,'components list'!$A$1:$G$1000,5,FALSE())),"") -> 0 | K8: =if(isnumber(L8),if($Q$1="Internal",C8*$N$1,C8*$N$1+J8),"") -> 24 | L8: =IF(AND(NOT(ISBLANK($D8)),ISNUMBER(C8)),IF(C8>0,MAX(0,C8*$N$1+J8-M8),0),"") -> 24 | M8: =IFNA(IF(ISBLANK($A8),"",VLOOKUP($A8,'components list'!$N$1:$AM$10000,4,FALSE())),"") | N8: =IFNA(IF(ISBLANK($A8),"",VLOOKUP($A8,'components list'!$N$1:$AM$10000,3,FALSE())),"") | O8: =if(isnumber(L8),MAX(0,rounddown(M8/C8,0)),"") -> 0 | P8: =if(O8>=$N$1,"OK","NOK") -> NOK | Q8: =if(isnumber(L8),max(0,rounddown((M8-VLOOKUP($D8,'components list'!$A$1:$G$1000,5,FALSE()))/C8,0)),"") -> 0 | R8: =if(Q8>=$N$1,"OK","NOK") -> NOK
A9: =IF($D9="","",VLOOKUP($D9,'components list'!$A$1:$G$1000,2,FALSE())) -> OEPS020034 | B9: R7 | C9: 1 | D9: {=IF(ISBLANK($F9),"",INDIRECT("components list!A"&match(F9,'components list'!$D$1:$D$1000,0)))} -> RESISTOR: SMD 0402 39Ω ±1% 0.250W [RCS040239R0FKED] [SMD] | E9: =IF($D9="","",VLOOKUP($D9,'components list'!$A$1:$G$1000,3,FALSE())) -> SMD | F9: RCS040239R0FKED | G9: =IF($D9="","",VLOOKUP($D9,'components list'!$A$1:$G$1000,6,FALSE())) -> DigiKey | H9: =IF($D9="","",VLOOKUP($D9,'components list'!$A$1:$G$1000,7,FALSE())) -> 541-10407-6-ND | J9: =IF(AND(NOT($D9=""),ISNUMBER(C9)),IF($Q$1="Internal",0,VLOOKUP($D9,'components list'!$A$1:$G$1000,5,FALSE())),"") -> 0 | K9: =if(isnumber(L9),if($Q$1="Internal",C9*$N$1,C9*$N$1+J9),"") -> 8 | L9: =IF(AND(NOT(ISBLANK($D9)),ISNUMBER(C9)),IF(C9>0,MAX(0,C9*$N$1+J9-M9),0),"") -> 0 | M9: =IFNA(IF(ISBLANK($A9),"",VLOOKUP($A9,'components list'!$N$1:$AM$10000,4,FALSE())),"") -> 13 | N9: =IFNA(IF(ISBLANK($A9),"",VLOOKUP($A9,'components list'!$N$1:$AM$10000,3,FALSE())),"") -> 10(Tp) 3(Tp) | O9: =if(isnumber(L9),MAX(0,rounddown(M9/C9,0)),"") -> 13 | P9: =if(O9>=$N$1,"OK","NOK") -> OK | Q9: =if(isnumber(L9),max(0,rounddown((M9-VLOOKUP($D9,'components list'!$A$1:$G$1000,5,FALSE()))/C9,0)),"") -> 0 | R9: =if(Q9>=$N$1,"OK","NOK") -> NOK
A10: =IF($D10="","",VLOOKUP($D10,'components list'!$A$1:$G$1000,2,FALSE())) -> OEPS020027 | B10: R2, R3, R4, R6, R8 | C10: 5 | D10: {=IF(ISBLANK($F10),"",INDIRECT("components list!A"&match(F10,'components list'!$D$1:$D$1000,0)))} -> RESISTOR: SMD 0402 1kΩ ±1% 0.063W [CRCW04021K00FKED] [SMD] | E10: =IF($D10="","",VLOOKUP($D10,'components list'!$A$1:$G$1000,3,FALSE())) -> SMD | F10: CRCW04021K00FKED | G10: =IF($D10="","",VLOOKUP($D10,'components list'!$A$1:$G$1000,6,FALSE())) -> DigiKey | H10: =IF($D10="","",VLOOKUP($D10,'components list'!$A$1:$G$1000,7,FALSE())) -> 541-1.00KLDKR-ND | J10: =IF(AND(NOT($D10=""),ISNUMBER(C10)),IF($Q$1="Internal",0,VLOOKUP($D10,'components list'!$A$1:$G$1000,5,FALSE())),"") -> 0 | K10: =if(isnumber(L10),if($Q$1="Internal",C10*$N$1,C10*$N$1+J10),"") -> 40 | L10: =IF(AND(NOT(ISBLANK($D10)),ISNUMBER(C10)),IF(C10>0,MAX(0,C10*$N$1+J10-M10),0),"") -> 40 | M10: =IFNA(IF(ISBLANK($A10),"",VLOOKUP($A10,'components list'!$N$1:$AM$10000,4,FALSE())),"") | N10: =IFNA(IF(ISBLANK($A10),"",VLOOKUP($A10,'components list'!$N$1:$AM$10000,3,FALSE())),"") | O10: =if(isnumber(L10),MAX(0,rounddown(M10/C10,0)),"") -> 0 | P10: =if(O10>=$N$1,"OK","NOK") -> NOK | Q10: =if(isnumber(L10),max(0,rounddown((M10-VLOOKUP($D10,'components list'!$A$1:$G$1000,5,FALSE()))/C10,0)),"") -> 0 | R10: =if(Q10>=$N$1,"OK","NOK") -> NOK
A11: =IF($D11="","",VLOOKUP($D11,'components list'!$A$1:$G$1000,2,FALSE())) -> OEPS020030 | B11: R5 | C11: 1 | D11: {=IF(ISBLANK($F11),"",INDIRECT("components list!A"&match(F11,'components list'!$D$1:$D$1000,0)))} -> RESISTOR: SMD 0402 10kΩ ±1% 0.063W [CRCW040210K0FKED] [SMD] | E11: =IF($D11="","",VLOOKUP($D11,'components list'!$A$1:$G$1000,3,FALSE())) -> SMD | F11: CRCW040210K0FKED | G11: =IF($D11="","",VLOOKUP($D11,'components list'!$A$1:$G$1000,6,FALSE())) -> DigiKey | H11: =IF($D11="","",VLOOKUP($D11,'components list'!$A$1:$G$1000,7,FALSE())) -> 541-10.0KLDKR-ND | J11: =IF(AND(NOT($D11=""),ISNUMBER(C11)),IF($Q$1="Internal",0,VLOOKUP($D11,'components list'!$A$1:$G$1000,5,FALSE())),"") -> 0 | K11: =if(isnumber(L11),if($Q$1="Internal",C11*$N$1,C11*$N$1+J11),"") -> 8 | L11: =IF(AND(NOT(ISBLANK($D11)),ISNUMBER(C11)),IF(C11>0,MAX(0,C11*$N$1+J11-M11),0),"") -> 7 | M11: =IFNA(IF(ISBLANK($A11),"",VLOOKUP($A11,'components list'!$N$1:$AM$10000,4,FALSE())),"") -> 1 | N11: =IFNA(IF(ISBLANK($A11),"",VLOOKUP($A11,'components list'!$N$1:$AM$10000,3,FALSE())),"") -> 1(Tp) | O11: =if(isnumber(L11),MAX(0,rounddown(M11/C11,0)),"") -> 1 | P11: =if(O11>=$N$1,"OK","NOK") -> NOK | Q11: =if(isnumber(L11),max(0,rounddown((M11-VLOOKUP($D11,'components list'!$A$1:$G$1000,5,FALSE()))/C11,0)),"") -> 0 | R11: =if(Q11>=$N$1,"OK","NOK") -> NOK
A12: =IF($D12="","",VLOOKUP($D12,'components list'!$A$1:$G$1000,2,FALSE())) -> OEPS020026 | B12: R1 | C12: 1 | D12: {=IF(ISBLANK($F12),"",INDIRECT("components list!A"&match(F12,'components list'!$D$1:$D$1000,0)))} -> RESISTOR: SMD 0402 1MΩ ±1% 0.063W [CRCW04021M00FKED] [SMD] | E12: =IF($D12="","",VLOOKUP($D12,'components list'!$A$1:$G$1000,3,FALSE())) -> SMD | F12: CRCW04021M00FKED | G12: =IF($D12="","",VLOOKUP($D12,'components list'!$A$1:$G$1000,6,FALSE())) -> DigiKey | H12: =IF($D12="","",VLOOKUP($D12,'components list'!$A$1:$G$1000,7,FALSE())) -> 541-1.00MLDKR-ND | J12: =IF(AND(NOT($D12=""),ISNUMBER(C12)),IF($Q$1="Internal",0,VLOOKUP($D12,'components list'!$A$1:$G$1000,5,FALSE())),"") -> 0 | K12: =if(isnumber(L12),if($Q$1="Internal",C12*$N$1,C12*$N$1+J12),"") -> 8 | L12: =IF(AND(NOT(ISBLANK($D12)),ISNUMBER(C12)),IF(C12>0,MAX(0,C12*$N$1+J12-M12),0),"") -> 8 | M12: =IFNA(IF(ISBLANK($A12),"",VLOOKUP($A12,'components list'!$N$1:$AM$10000,4,FALSE())),"") | N12: =IFNA(IF(ISBLANK($A12),"",VLOOKUP($A12,'components list'!$N$1:$AM$10000,3,FALSE())),"") | O12: =if(isnumber(L12),MAX(0,rounddown(M12/C12,0)),"") -> 0 | P12: =if(O12>=$N$1,"OK","NOK") -> NOK | Q12: =if(isnumber(L12),max(0,rounddown((M12-VLOOKUP($D12,'components list'!$A$1:$G$1000,5,FALSE()))/C12,0)),"") -> 0 | R12: =if(Q12>=$N$1,"OK","NOK") -> NOK
A13: =IF($D13="","",VLOOKUP($D13,'components list'!$A$1:$G$1000,2,FALSE())) -> OEPS040003 | B13: L1 | C13: 1 | D13: {=IF(ISBLANK($F13),"",INDIRECT("components list!A"&match(F13,'components list'!$D$1:$D$1000,0)))} -> INDUCTOR: FERRITE BEAD SMD 40Ω 2A 50mΩ [MI0805K400R-10] [0805] | E13: =IF($D13="","",VLOOKUP($D13,'components list'!$A$1:$G$1000,3,FALSE())) -> SMD | F13: MI0805K400R-10 | G13: =IF($D13="","",VLOOKUP($D13,'components list'!$A$1:$G$1000,6,FALSE())) -> DigiKey | H13: =IF($D13="","",VLOOKUP($D13,'components list'!$A$1:$G$1000,7,FALSE())) -> 240-2389-6-ND | J13: =IF(AND(NOT($D13=""),ISNUMBER(C13)),IF($Q$1="Internal",0,VLOOKUP($D13,'components list'!$A$1:$G$1000,5,FALSE())),"") -> 0 | K13: =if(isnumber(L13),if($Q$1="Internal",C13*$N$1,C13*$N$1+J13),"") -> 8 | L13: =IF(AND(NOT(ISBLANK($D13)),ISNUMBER(C13)),IF(C13>0,MAX(0,C13*$N$1+J13-M13),0),"") -> 6 | M13: =IFNA(IF(ISBLANK($A13),"",VLOOKUP($A13,'components list'!$N$1:$AM$10000,4,FALSE())),"") -> 2 | N13: =IFNA(IF(ISBLANK($A13),"",VLOOKUP($A13,'components list'!$N$1:$AM$10000,3,FALSE())),"") -> 2(Tp) | O13: =if(isnumber(L13),MAX(0,rounddown(M13/C13,0)),"") -> 2 | P13: =if(O13>=$N$1,"OK","NOK") -> NOK | Q13: =if(isnumber(L13),max(0,rounddown((M13-VLOOKUP($D13,'components list'!$A$1:$G$1000,5,FALSE()))/C13,0)),"") -> 0 | R13: =if(Q13>=$N$1,"OK","NOK") -> NOK
A14: =IF($D14="","",VLOOKUP($D14,'components list'!$A$1:$G$1000,2,FALSE())) -> OEPS060005 | B14: Q1 | C14: 1 | D14: {=IF(ISBLANK($F14),"",INDIRECT("components list!A"&match(F14,'components list'!$D$1:$D$1000,0)))} -> TRANSISTOR: BJT NPN 45V 0.5A [BC817-40W-7] [SOT-323] | E14: =IF($D14="","",VLOOKUP($D14,'components list'!$A$1:$G$1000,3,FALSE())) -> SMD | F14: BC817-40W-7 | G14: =IF($D14="","",VLOOKUP($D14,'components list'!$A$1:$G$1000,6,FALSE())) -> DigiKey | H14: =IF($D14="","",VLOOKUP($D14,'components list'!$A$1:$G$1000,7,FALSE())) -> BC817-40WDIDKR-ND | J14: =IF(AND(NOT($D14=""),ISNUMBER(C14)),IF($Q$1="Internal",0,VLOOKUP($D14,'components list'!$A$1:$G$1000,5,FALSE())),"") -> 0 | K14: =if(isnumber(L14),if($Q$1="Internal",C14*$N$1,C14*$N$1+J14),"") -> 8 | L14: =IF(AND(NOT(ISBLANK($D14)),ISNUMBER(C14)),IF(C14>0,MAX(0,C14*$N$1+J14-M14),0),"") -> 5 | M14: =IFNA(IF(ISBLANK($A14),"",VLOOKUP($A14,'components list'!$N$1:$AM$10000,4,FALSE())),"") -> 3 | N14: =IFNA(IF(ISBLANK($A14),"",VLOOKUP($A14,'components list'!$N$1:$AM$10000,3,FALSE())),"") -> 3(Tp) | O14: =if(isnumber(L14),MAX(0,rounddown(M14/C14,0)),"") -> 3 | P14: =if(O14>=$N$1,"OK","NOK") -> NOK | Q14: =if(isnumber(L14),max(0,rounddown((M14-VLOOKUP($D14,'components list'!$A$1:$G$1000,5,FALSE()))/C14,0)),"") -> 0 | R14: =if(Q14>=$N$1,"OK","NOK") -> NOK
A15: =IF($D15="","",VLOOKUP($D15,'components list'!$A$1:$G$1000,2,FALSE())) -> OEPS060004 | B15: Q2 | C15: 1 | D15: {=IF(ISBLANK($F15),"",INDIRECT("components list!A"&match(F15,'components list'!$D$1:$D$1000,0)))} -> TRANSISTOR: MOSFET P-CH 60V 1.7A [NTF2955T1G] [SOT-223] | E15: =IF($D15="","",VLOOKUP($D15,'components list'!$A$1:$G$1000,3,FALSE())) -> SMD | F15: NTF2955T1G | G15: =IF($D15="","",VLOOKUP($D15,'components list'!$A$1:$G$1000,6,FALSE())) -> DigiKey | H15: =IF($D15="","",VLOOKUP($D15,'components list'!$A$1:$G$1000,7,FALSE())) -> NTF2955T1GOSDKR-ND | J15: =IF(AND(NOT($D15=""),ISNUMBER(C15)),IF($Q$1="Internal",0,VLOOKUP($D15,'components list'!$A$1:$G$1000,5,FALSE())),"") -> 0 | K15: =if(isnumber(L15),if($Q$1="Internal",C15*$N$1,C15*$N$1+J15),"") -> 8 | L15: =IF(AND(NOT(ISBLANK($D15)),ISNUMBER(C15)),IF(C15>0,MAX(0,C15*$N$1+J15-M15),0),"") -> 0 | M15: =IFNA(IF(ISBLANK($A15),"",VLOOKUP($A15,'components list'!$N$1:$AM$10000,4,FALSE())),"") -> 10 | N15: =IFNA(IF(ISBLANK($A15),"",VLOOKUP($A15,'components list'!$N$1:$AM$10000,3,FALSE())),"") -> 10 | O15: =if(isnumber(L15),MAX(0,rounddown(M15/C15,0)),"") -> 10 | P15: =if(O15>=$N$1,"OK","NOK") -> OK | Q15: =if(isnumber(L15),max(0,rounddown((M15-VLOOKUP($D15,'components list'!$A$1:$G$1000,5,FALSE()))/C15,0)),"") -> 7 | R15: =if(Q15>=$N$1,"OK","NOK") -> NOK
... A26: =IF($D26="","",VLOOKUP($D26,'components list'!$A$1:$G$1000,2,FALSE())) -> OEPS070020 | B26: OUT | C26: 1 | D26: {=IF(ISBLANK($F26),"",INDIRECT("components list!A"&match(F26,'components list'!$D$1:$D$1000,0)))} -> CONNECTOR: TERMINAL BLOCK 2.54MM 2POS side entry [282834-2] [TH] | E26: =IF($D26="","",VLOOKUP($D26,'components list'!$A$1:$G$1000,3,FALSE())) -> TH | F26: 282834-2 | G26: =IF($D26="","",VLOOKUP($D26,'components list'!$A$1:$G$1000,6,FALSE())) -> DigiKey | H26: =IF($D26="","",VLOOKUP($D26,'components list'!$A$1:$G$1000,7,FALSE())) -> A98333-ND | J26: =IF(AND(NOT($D26=""),ISNUMBER(C26)),IF($Q$1="Internal",0,VLOOKUP($D26,'components list'!$A$1:$G$1000,5,FALSE())),"") -> 0 | K26: =if(isnumber(L26),if($Q$1="Internal",C26*$N$1,C26*$N$1+J26),"") -> 8 | L26: =IF(AND(NOT(ISBLANK($D26)),ISNUMBER(C26)),IF(C26>0,MAX(0,C26*$N$1+J26-M26),0),"") -> 0 | M26: =IFNA(IF(ISBLANK($A26),"",VLOOKUP($A26,'components list'!$N$1:$AM$10000,4,FALSE())),"") -> 15 | N26: =IFNA(IF(ISBLANK($A26),"",VLOOKUP($A26,'components list'!$N$1:$AM$10000,3,FALSE())),"") -> 10 5 | O26: =if(isnumber(L26),MAX(0,rounddown(M26/C26,0)),"") -> 15 | P26: =if(O26>=$N$1,"OK","NOK") -> OK | Q26: =if(isnumber(L26),max(0,rounddown((M26-VLOOKUP($D26,'components list'!$A$1:$G$1000,5,FALSE()))/C26,0)),"") -> 14 | R26: =if(Q26>=$N$1,"OK","NOK") -> OK
A27: =IF($D27="","",VLOOKUP($D27,'components list'!$A$1:$G$1000,2,FALSE())) | D27: {=IF(ISBLANK($F27),"",INDIRECT("components list!A"&match(F27,'components list'!$D$1:$D$1000,0)))} | E27: =IF($D27="","",VLOOKUP($D27,'components list'!$A$1:$G$1000,3,FALSE())) | G27: =IF($D27="","",VLOOKUP($D27,'components list'!$A$1:$G$1000,6,FALSE())) | H27: =IF($D27="","",VLOOKUP($D27,'components list'!$A$1:$G$1000,7,FALSE())) | J27: =IF(AND(NOT($D27=""),ISNUMBER(C27)),IF($Q$1="Internal",0,VLOOKUP($D27,'components list'!$A$1:$G$1000,5,FALSE())),"") | K27: =if(isnumber(L27),if($Q$1="Internal",C27*$N$1,C27*$N$1+J27),"") | L27: =IF(AND(NOT(ISBLANK($D27)),ISNUMBER(C27)),IF(C27>0,MAX(0,C27*$N$1+J27-M27),0),"") | M27: =IFNA(IF(ISBLANK($A27),"",VLOOKUP($A27,'components list'!$N$1:$AM$10000,4,FALSE())),"") | N27: =IFNA(IF(ISBLANK($A27),"",VLOOKUP($A27,'components list'!$N$1:$AM$10000,3,FALSE())),"") | O27: =if(isnumber(L27),MAX(0,rounddown(M27/C27,0)),"") | P27: =if(O27>=$N$1,"OK","NOK") -> OK | Q27: =if(isnumber(L27),max(0,rounddown((M27-VLOOKUP($D27,'components list'!$A$1:$G$1000,5,FALSE()))/C27,0)),"") | R27: =if(Q27>=$N$1,"OK","NOK") -> OK
A28: =IF($D28="","",VLOOKUP($D28,'components list'!$A$1:$G$1000,2,FALSE())) -> #N/A | C28: 1 | D28: {=IF(ISBLANK($F28),"",INDIRECT("components list!A"&match(F28,'components list'!$D$1:$D$1000,0)))} -> #N/A | E28: =IF($D28="","",VLOOKUP($D28,'components list'!$A$1:$G$1000,3,FALSE())) -> #N/A | F28: E1418287 | G28: =IF($D28="","",VLOOKUP($D28,'components list'!$A$1:$G$1000,6,FALSE())) -> #N/A | H28: =IF($D28="","",VLOOKUP($D28,'components list'!$A$1:$G$1000,7,FALSE())) -> #N/A | J28: =IF(AND(NOT($D28=""),ISNUMBER(C28)),IF($Q$1="Internal",0,VLOOKUP($D28,'components list'!$A$1:$G$1000,5,FALSE())),"") -> #N/A | K28: =if(isnumber(L28),if($Q$1="Internal",C28*$N$1,C28*$N$1+J28),"") | L28: =IF(AND(NOT(ISBLANK($D28)),ISNUMBER(C28)),IF(C28>0,MAX(0,C28*$N$1+J28-M28),0),"") -> #N/A | M28: =IFNA(IF(ISBLANK($A28),"",VLOOKUP($A28,'components list'!$N$1:$AM$10000,4,FALSE())),"") | N28: =IFNA(IF(ISBLANK($A28),"",VLOOKUP($A28,'components list'!$N$1:$AM$10000,3,FALSE())),"") | O28: =if(isnumber(L28),MAX(0,rounddown(M28/C28,0)),"") | P28: =if(O28>=$N$1,"OK","NOK") -> OK | Q28: =if(isnumber(L28),max(0,rounddown((M28-VLOOKUP($D28,'components list'!$A$1:$G$1000,5,FALSE()))/C28,0)),"") | R28: =if(Q28>=$N$1,"OK","NOK") -> OK
A29: =IF($D29="","",VLOOKUP($D29,'components list'!$A$1:$G$1000,2,FALSE())) | D29: {=IF(ISBLANK($F29),"",INDIRECT("components list!A"&match(F29,'components list'!$D$1:$D$1000,0)))} | E29: =IF($D29="","",VLOOKUP($D29,'components list'!$A$1:$G$1000,3,FALSE())) | G29: =IF($D29="","",VLOOKUP($D29,'components list'!$A$1:$G$1000,6,FALSE())) | H29: =IF($D29="","",VLOOKUP($D29,'components list'!$A$1:$G$1000,7,FALSE())) | J29: =IF(AND(NOT($D29=""),ISNUMBER(C29)),IF($Q$1="Internal",0,VLOOKUP($D29,'components list'!$A$1:$G$1000,5,FALSE())),"") | K29: =if(isnumber(L29),if($Q$1="Internal",C29*$N$1,C29*$N$1+J29),"") | L29: =IF(AND(NOT(ISBLANK($D29)),ISNUMBER(C29)),IF(C29>0,MAX(0,C29*$N$1+J29-M29),0),"") | M29: =IFNA(IF(ISBLANK($A29),"",VLOOKUP($A29,'components list'!$N$1:$AM$10000,4,FALSE())),"") | N29: =IFNA(IF(ISBLANK($A29),"",VLOOKUP($A29,'components list'!$N$1:$AM$10000,3,FALSE())),"") | O29: =if(isnumber(L29),MAX(0,rounddown(M29/C29,0)),"") | P29: =if(O29>=$N$1,"OK","NOK") -> OK | Q29: =if(isnumber(L29),max(0,rounddown((M29-VLOOKUP($D29,'components list'!$A$1:$G$1000,5,FALSE()))/C29,0)),"") | R29: =if(Q29>=$N$1,"OK","NOK") -> OK
A30: =IF($D30="","",VLOOKUP($D30,'components list'!$A$1:$G$1000,2,FALSE())) -> OEPS100013 | C30: 1 | D30: {=IF(ISBLANK($F30),"",INDIRECT("components list!A"&match(F30,'components list'!$D$1:$D$1000,0)))} -> OTHER: RFID Reader ID-12LA (125 kHz) [ID-12LA] [TH] | E30: =IF($D30="","",VLOOKUP($D30,'components list'!$A$1:$G$1000,3,FALSE())) -> TH | F30: ID-12LA | G30: =IF($D30="","",VLOOKUP($D30,'components list'!$A$1:$G$1000,6,FALSE())) -> Sparkfun | H30: =IF($D30="","",VLOOKUP($D30,'components list'!$A$1:$G$1000,7,FALSE())) -> SEN-11827 | J30: =IF(AND(NOT($D30=""),ISNUMBER(C30)),IF($Q$1="Internal",0,VLOOKUP($D30,'components list'!$A$1:$G$1000,5,FALSE())),"") -> 0 | K30: =if(isnumber(L30),if($Q$1="Internal",C30*$N$1,C30*$N$1+J30),"") -> 8 | L30: =IF(AND(NOT(ISBLANK($D30)),ISNUMBER(C30)),IF(C30>0,MAX(0,C30*$N$1+J30-M30),0),"") -> 8 | M30: =IFNA(IF(ISBLANK($A30),"",VLOOKUP($A30,'components list'!$N$1:$AM$10000,4,FALSE())),"") | N30: =IFNA(IF(ISBLANK($A30),"",VLOOKUP($A30,'components list'!$N$1:$AM$10000,3,FALSE())),"") | O30: =if(isnumber(L30),MAX(0,rounddown(M30/C30,0)),"") -> 0 | P30: =if(O30>=$N$1,"OK","NOK") -> NOK | Q30: =if(isnumber(L30),max(0,rounddown((M30-VLOOKUP($D30,'components list'!$A$1:$G$1000,5,FALSE()))/C30,0)),"") -> 0 | R30: =if(Q30>=$N$1,"OK","NOK") -> NOK
A31: =IF($D31="","",VLOOKUP($D31,'components list'!$A$1:$G$1000,2,FALSE())) | D31: {=IF(ISBLANK($F31),"",INDIRECT("components list!A"&match(F31,'components list'!$D$1:$D$1000,0)))} | E31: =IF($D31="","",VLOOKUP($D31,'components list'!$A$1:$G$1000,3,FALSE())) | G31: =IF($D31="","",VLOOKUP($D31,'components list'!$A$1:$G$1000,6,FALSE())) | H31: =IF($D31="","",VLOOKUP($D31,'components list'!$A$1:$G$1000,7,FALSE())) | J31: =IF(AND(NOT($D31=""),ISNUMBER(C31)),IF($Q$1="Internal",0,VLOOKUP($D31,'components list'!$A$1:$G$1000,5,FALSE())),"") | K31: =if(isnumber(L31),if($Q$1="Internal",C31*$N$1,C31*$N$1+J31),"") | L31: =IF(AND(NOT(ISBLANK($D31)),ISNUMBER(C31)),IF(C31>0,MAX(0,C31*$N$1+J31-M31),0),"") | M31: =IFNA(IF(ISBLANK($A31),"",VLOOKUP($A31,'components list'!$N$1:$AM$10000,4,FALSE())),"") | N31: =IFNA(IF(ISBLANK($A31),"",VLOOKUP($A31,'components list'!$N$1:$AM$10000,3,FALSE())),"") | O31: =if(isnumber(L31),MAX(0,rounddown(M31/C31,0)),"") | P31: =if(O31>=$N$1,"OK","NOK") -> OK | Q31: =if(isnumber(L31),max(0,rounddown((M31-VLOOKUP($D31,'components list'!$A$1:$G$1000,5,FALSE()))/C31,0)),"") | R31: =if(Q31>=$N$1,"OK","NOK") -> OK
A32: =IF($D32="","",VLOOKUP($D32,'components list'!$A$1:$G$1000,2,FALSE())) | D32: {=IF(ISBLANK($F32),"",INDIRECT("components list!A"&match(F32,'components list'!$D$1:$D$1000,0)))} | E32: =IF($D32="","",VLOOKUP($D32,'components list'!$A$1:$G$1000,3,FALSE())) | G32: =IF($D32="","",VLOOKUP($D32,'components list'!$A$1:$G$1000,6,FALSE())) | H32: =IF($D32="","",VLOOKUP($D32,'components list'!$A$1:$G$1000,7,FALSE())) | J32: =IF(AND(NOT($D32=""),ISNUMBER(C32)),IF($Q$1="Internal",0,VLOOKUP($D32,'components list'!$A$1:$G$1000,5,FALSE())),"") | K32: =if(isnumber(L32),if($Q$1="Internal",C32*$N$1,C32*$N$1+J32),"") | L32: =IF(AND(NOT(ISBLANK($D32)),ISNUMBER(C32)),IF(C32>0,MAX(0,C32*$N$1+J32-M32),0),"") | M32: =IFNA(IF(ISBLANK($A32),"",VLOOKUP($A32,'components list'!$N$1:$AM$10000,4,FALSE())),"") | N32: =IFNA(IF(ISBLANK($A32),"",VLOOKUP($A32,'components list'!$N$1:$AM$10000,3,FALSE())),"") | O32: =if(isnumber(L32),MAX(0,rounddown(M32/C32,0)),"") | P32: =if(O32>=$N$1,"OK","NOK") -> OK | Q32: =if(isnumber(L32),max(0,rounddown((M32-VLOOKUP($D32,'components list'!$A$1:$G$1000,5,FALSE()))/C32,0)),"") | R32: =if(Q32>=$N$1,"OK","NOK") -> OK
A33: =IF($D33="","",VLOOKUP($D33,'components list'!$A$1:$G$1000,2,FALSE())) | D33: {=IF(ISBLANK($F33),"",INDIRECT("components list!A"&match(F33,'components list'!$D$1:$D$1000,0)))} | E33: =IF($D33="","",VLOOKUP($D33,'components list'!$A$1:$G$1000,3,FALSE())) | G33: =IF($D33="","",VLOOKUP($D33,'components list'!$A$1:$G$1000,6,FALSE())) | H33: =IF($D33="","",VLOOKUP($D33,'components list'!$A$1:$G$1000,7,FALSE())) | J33: =IF(AND(NOT($D33=""),ISNUMBER(C33)),IF($Q$1="Internal",0,VLOOKUP($D33,'components list'!$A$1:$G$1000,5,FALSE())),"") | K33: =if(isnumber(L33),if($Q$1="Internal",C33*$N$1,C33*$N$1+J33),"") | L33: =IF(AND(NOT(ISBLANK($D33)),ISNUMBER(C33)),IF(C33>0,MAX(0,C33*$N$1+J33-M33),0),"") | M33: =IFNA(IF(ISBLANK($A33),"",VLOOKUP($A33,'components list'!$N$1:$AM$10000,4,FALSE())),"") | N33: =IFNA(IF(ISBLANK($A33),"",VLOOKUP($A33,'components list'!$N$1:$AM$10000,3,FALSE())),"") | O33: =if(isnumber(L33),MAX(0,rounddown(M33/C33,0)),"") | P33: =if(O33>=$N$1,"OK","NOK") -> OK | Q33: =if(isnumber(L33),max(0,rounddown((M33-VLOOKUP($D33,'components list'!$A$1:$G$1000,5,FALSE()))/C33,0)),"") | R33: =if(Q33>=$N$1,"OK","NOK") -> OK
A34: =IF($D34="","",VLOOKUP($D34,'components list'!$A$1:$G$1000,2,FALSE())) | D34: {=IF(ISBLANK($F34),"",INDIRECT("components list!A"&match(F34,'components list'!$D$1:$D$1000,0)))} | E34: =IF($D34="","",VLOOKUP($D34,'components list'!$A$1:$G$1000,3,FALSE())) | G34: =IF($D34="","",VLOOKUP($D34,'components list'!$A$1:$G$1000,6,FALSE())) | H34: =IF($D34="","",VLOOKUP($D34,'components list'!$A$1:$G$1000,7,FALSE())) | J34: =IF(AND(NOT($D34=""),ISNUMBER(C34)),IF($Q$1="Internal",0,VLOOKUP($D34,'components list'!$A$1:$G$1000,5,FALSE())),"") | K34: =if(isnumber(L34),if($Q$1="Internal",C34*$N$1,C34*$N$1+J34),"") | L34: =IF(AND(NOT(ISBLANK($D34)),ISNUMBER(C34)),IF(C34>0,MAX(0,C34*$N$1+J34-M34),0),"") | M34: =IFNA(IF(ISBLANK($A34),"",VLOOKUP($A34,'components list'!$N$1:$AM$10000,4,FALSE())),"") | N34: =IFNA(IF(ISBLANK($A34),"",VLOOKUP($A34,'components list'!$N$1:$AM$10000,3,FALSE())),"") | O34: =if(isnumber(L34),MAX(0,rounddown(M34/C34,0)),"") | P34: =if(O34>=$N$1,"OK","NOK") -> OK | Q34: =if(isnumber(L34),max(0,rounddown((M34-VLOOKUP($D34,'components list'!$A$1:$G$1000,5,FALSE()))/C34,0)),"") | R34: =if(Q34>=$N$1,"OK","NOK") -> OK
A35: =IF($D35="","",VLOOKUP($D35,'components list'!$A$1:$G$1000,2,FALSE())) | D35: {=IF(ISBLANK($F35),"",INDIRECT("components list!A"&match(F35,'components list'!$D$1:$D$1000,0)))} | E35: =IF($D35="","",VLOOKUP($D35,'components list'!$A$1:$G$1000,3,FALSE())) | G35: =IF($D35="","",VLOOKUP($D35,'components list'!$A$1:$G$1000,6,FALSE())) | H35: =IF($D35="","",VLOOKUP($D35,'components list'!$A$1:$G$1000,7,FALSE())) | J35: =IF(AND(NOT($D35=""),ISNUMBER(C35)),IF($Q$1="Internal",0,VLOOKUP($D35,'components list'!$A$1:$G$1000,5,FALSE())),"") | K35: =if(isnumber(L35),if($Q$1="Internal",C35*$N$1,C35*$N$1+J35),"") | L35: =IF(AND(NOT(ISBLANK($D35)),ISNUMBER(C35)),IF(C35>0,MAX(0,C35*$N$1+J35-M35),0),"") | M35: =IFNA(IF(ISBLANK($A35),"",VLOOKUP($A35,'components list'!$N$1:$AM$10000,4,FALSE())),"") | N35: =IFNA(IF(ISBLANK($A35),"",VLOOKUP($A35,'components list'!$N$1:$AM$10000,3,FALSE())),"") | O35: =if(isnumber(L35),MAX(0,rounddown(M35/C35,0)),"") | P35: =if(O35>=$N$1,"OK","NOK") -> OK | Q35: =if(isnumber(L35),max(0,rounddown((M35-VLOOKUP($D35,'components list'!$A$1:$G$1000,5,FALSE()))/C35,0)),"") | R35: =if(Q35>=$N$1,"OK","NOK") -> OK
A36: =IF($D36="","",VLOOKUP($D36,'components list'!$A$1:$G$1000,2,FALSE())) | D36: {=IF(ISBLANK($F36),"",INDIRECT("components list!A"&match(F36,'components list'!$D$1:$D$1000,0)))} | E36: =IF($D36="","",VLOOKUP($D36,'components list'!$A$1:$G$1000,3,FALSE())) | G36: =IF($D36="","",VLOOKUP($D36,'components list'!$A$1:$G$1000,6,FALSE())) | H36: =IF($D36="","",VLOOKUP($D36,'components list'!$A$1:$G$1000,7,FALSE())) | J36: =IF(AND(NOT($D36=""),ISNUMBER(C36)),IF($Q$1="Internal",0,VLOOKUP($D36,'components list'!$A$1:$G$1000,5,FALSE())),"") | K36: =if(isnumber(L36),if($Q$1="Internal",C36*$N$1,C36*$N$1+J36),"") | L36: =IF(AND(NOT(ISBLANK($D36)),ISNUMBER(C36)),IF(C36>0,MAX(0,C36*$N$1+J36-M36),0),"") | M36: =IFNA(IF(ISBLANK($A36),"",VLOOKUP($A36,'components list'!$N$1:$AM$10000,4,FALSE())),"") | N36: =IFNA(IF(ISBLANK($A36),"",VLOOKUP($A36,'components list'!$N$1:$AM$10000,3,FALSE())),"") | O36: =if(isnumber(L36),MAX(0,rounddown(M36/C36,0)),"") | P36: =if(O36>=$N$1,"OK","NOK") -> OK | Q36: =if(isnumber(L36),max(0,rounddown((M36-VLOOKUP($D36,'components list'!$A$1:$G$1000,5,FALSE()))/C36,0)),"") | R36: =if(Q36>=$N$1,"OK","NOK") -> OK
A37: =IF($D37="","",VLOOKUP($D37,'components list'!$A$1:$G$1000,2,FALSE())) | D37: {=IF(ISBLANK($F37),"",INDIRECT("components list!A"&match(F37,'components list'!$D$1:$D$1000,0)))} | E37: =IF($D37="","",VLOOKUP($D37,'components list'!$A$1:$G$1000,3,FALSE())) | G37: =IF($D37="","",VLOOKUP($D37,'components list'!$A$1:$G$1000,6,FALSE())) | H37: =IF($D37="","",VLOOKUP($D37,'components list'!$A$1:$G$1000,7,FALSE())) | J37: =IF(AND(NOT($D37=""),ISNUMBER(C37)),IF($Q$1="Internal",0,VLOOKUP($D37,'components list'!$A$1:$G$1000,5,FALSE())),"") | K37: =if(isnumber(L37),if($Q$1="Internal",C37*$N$1,C37*$N$1+J37),"") | L37: =IF(AND(NOT(ISBLANK($D37)),ISNUMBER(C37)),IF(C37>0,MAX(0,C37*$N$1+J37-M37),0),"") | M37: =IFNA(IF(ISBLANK($A37),"",VLOOKUP($A37,'components list'!$N$1:$AM$10000,4,FALSE())),"") | N37: =IFNA(IF(ISBLANK($A37),"",VLOOKUP($A37,'components list'!$N$1:$AM$10000,3,FALSE())),"") | O37: =if(isnumber(L37),MAX(0,rounddown(M37/C37,0)),"") | P37: =if(O37>=$N$1,"OK","NOK") -> OK | Q37: =if(isnumber(L37),max(0,rounddown((M37-VLOOKUP($D37,'components list'!$A$1:$G$1000,5,FALSE()))/C37,0)),"") | R37: =if(Q37>=$N$1,"OK","NOK") -> OK
A38: =IF($D38="","",VLOOKUP($D38,'components list'!$A$1:$G$1000,2,FALSE())) | D38: {=IF(ISBLANK($F38),"",INDIRECT("components list!A"&match(F38,'components list'!$D$1:$D$1000,0)))} | E38: =IF($D38="","",VLOOKUP($D38,'components list'!$A$1:$G$1000,3,FALSE())) | G38: =IF($D38="","",VLOOKUP($D38,'components list'!$A$1:$G$1000,6,FALSE())) | H38: =IF($D38="","",VLOOKUP($D38,'components list'!$A$1:$G$1000,7,FALSE())) | J38: =IF(AND(NOT($D38=""),ISNUMBER(C38)),IF($Q$1="Internal",0,VLOOKUP($D38,'components list'!$A$1:$G$1000,5,FALSE())),"") | K38: =if(isnumber(L38),if($Q$1="Internal",C38*$N$1,C38*$N$1+J38),"") | L38: =IF(AND(NOT(ISBLANK($D38)),ISNUMBER(C38)),IF(C38>0,MAX(0,C38*$N$1+J38-M38),0),"") | M38: =IFNA(IF(ISBLANK($A38),"",VLOOKUP($A38,'components list'!$N$1:$AM$10000,4,FALSE())),"") | N38: =IFNA(IF(ISBLANK($A38),"",VLOOKUP($A38,'components list'!$N$1:$AM$10000,3,FALSE())),"") | O38: =if(isnumber(L38),MAX(0,rounddown(M38/C38,0)),"") | P38: =if(O38>=$N$1,"OK","NOK") -> OK | Q38: =if(isnumber(L38),max(0,rounddown((M38-VLOOKUP($D38,'components list'!$A$1:$G$1000,5,FALSE()))/C38,0)),"") | R38: =if(Q38>=$N$1,"OK","NOK") -> OK
A39: =IF($D39="","",VLOOKUP($D39,'components list'!$A$1:$G$1000,2,FALSE())) | D39: {=IF(ISBLANK($F39),"",INDIRECT("components list!A"&match(F39,'components list'!$D$1:$D$1000,0)))} | E39: =IF($D39="","",VLOOKUP($D39,'components list'!$A$1:$G$1000,3,FALSE())) | G39: =IF($D39="","",VLOOKUP($D39,'components list'!$A$1:$G$1000,6,FALSE())) | H39: =IF($D39="","",VLOOKUP($D39,'components list'!$A$1:$G$1000,7,FALSE())) | J39: =IF(AND(NOT($D39=""),ISNUMBER(C39)),IF($Q$1="Internal",0,VLOOKUP($D39,'components list'!$A$1:$G$1000,5,FALSE())),"") | K39: =if(isnumber(L39),if($Q$1="Internal",C39*$N$1,C39*$N$1+J39),"") | L39: =IF(AND(NOT(ISBLANK($D39)),ISNUMBER(C39)),IF(C39>0,MAX(0,C39*$N$1+J39-M39),0),"") | M39: =IFNA(IF(ISBLANK($A39),"",VLOOKUP($A39,'components list'!$N$1:$AM$10000,4,FALSE())),"") | N39: =IFNA(IF(ISBLANK($A39),"",VLOOKUP($A39,'components list'!$N$1:$AM$10000,3,FALSE())),"") | O39: =if(isnumber(L39),MAX(0,rounddown(M39/C39,0)),"") | P39: =if(O39>=$N$1,"OK","NOK") -> OK | Q39: =if(isnumber(L39),max(0,rounddown((M39-VLOOKUP($D39,'components list'!$A$1:$G$1000,5,FALSE()))/C39,0)),"") | R39: =if(Q39>=$N$1,"OK","NOK") -> OK
A40: =IF($D40="","",VLOOKUP($D40,'components list'!$A$1:$G$1000,2,FALSE())) | D40: {=IF(ISBLANK($F40),"",INDIRECT("components list!A"&match(F40,'components list'!$D$1:$D$1000,0)))} | E40: =IF($D40="","",VLOOKUP($D40,'components list'!$A$1:$G$1000,3,FALSE())) | G40: =IF($D40="","",VLOOKUP($D40,'components list'!$A$1:$G$1000,6,FALSE())) | H40: =IF($D40="","",VLOOKUP($D40,'components list'!$A$1:$G$1000,7,FALSE())) | J40: =IF(AND(NOT($D40=""),ISNUMBER(C40)),IF($Q$1="Internal",0,VLOOKUP($D40,'components list'!$A$1:$G$1000,5,FALSE())),"") | K40: =if(isnumber(L40),if($Q$1="Internal",C40*$N$1,C40*$N$1+J40),"") | L40: =IF(AND(NOT(ISBLANK($D40)),ISNUMBER(C40)),IF(C40>0,MAX(0,C40*$N$1+J40-M40),0),"") | M40: =IFNA(IF(ISBLANK($A40),"",VLOOKUP($A40,'components list'!$N$1:$AM$10000,4,FALSE())),"") | N40: =IFNA(IF(ISBLANK($A40),"",VLOOKUP($A40,'components list'!$N$1:$AM$10000,3,FALSE())),"") | O40: =if(isnumber(L40),MAX(0,rounddown(M40/C40,0)),"") | P40: =if(O40>=$N$1,"OK","NOK") -> OK | Q40: =if(isnumber(L40),max(0,rounddown((M40-VLOOKUP($D40,'components list'!$A$1:$G$1000,5,FALSE()))/C40,0)),"") | R40: =if(Q40>=$N$1,"OK","NOK") -> OK
A41: =IF($D41="","",VLOOKUP($D41,'components list'!$A$1:$G$1000,2,FALSE())) | D41: {=IF(ISBLANK($F41),"",INDIRECT("components list!A"&match(F41,'components list'!$D$1:$D$1000,0)))} | E41: =IF($D41="","",VLOOKUP($D41,'components list'!$A$1:$G$1000,3,FALSE())) | G41: =IF($D41="","",VLOOKUP($D41,'components list'!$A$1:$G$1000,6,FALSE())) | H41: =IF($D41="","",VLOOKUP($D41,'components list'!$A$1:$G$1000,7,FALSE())) | J41: =IF(AND(NOT($D41=""),ISNUMBER(C41)),IF($Q$1="Internal",0,VLOOKUP($D41,'components list'!$A$1:$G$1000,5,FALSE())),"") | K41: =if(isnumber(L41),if($Q$1="Internal",C41*$N$1,C41*$N$1+J41),"") | L41: =IF(AND(NOT(ISBLANK($D41)),ISNUMBER(C41)),IF(C41>0,MAX(0,C41*$N$1+J41-M41),0),"") | M41: =IFNA(IF(ISBLANK($A41),"",VLOOKUP($A41,'components list'!$N$1:$AM$10000,4,FALSE())),"") | N41: =IFNA(IF(ISBLANK($A41),"",VLOOKUP($A41,'components list'!$N$1:$AM$10000,3,FALSE())),"") | O41: =if(isnumber(L41),MAX(0,rounddown(M41/C41,0)),"") | P41: =if(O41>=$N$1,"OK","NOK") -> OK | Q41: =if(isnumber(L41),max(0,rounddown((M41-VLOOKUP($D41,'components list'!$A$1:$G$1000,5,FALSE()))/C41,0)),"") | R41: =if(Q41>=$N$1,"OK","NOK") -> OK
A42: =IF($D42="","",VLOOKUP($D42,'components list'!$A$1:$G$1000,2,FALSE())) | D42: {=IF(ISBLANK($F42),"",INDIRECT("components list!A"&match(F42,'components list'!$D$1:$D$1000,0)))} | E42: =IF($D42="","",VLOOKUP($D42,'components list'!$A$1:$G$1000,3,FALSE())) | G42: =IF($D42="","",VLOOKUP($D42,'components list'!$A$1:$G$1000,6,FALSE())) | H42: =IF($D42="","",VLOOKUP($D42,'components list'!$A$1:$G$1000,7,FALSE())) | J42: =IF(AND(NOT($D42=""),ISNUMBER(C42)),IF($Q$1="Internal",0,VLOOKUP($D42,'components list'!$A$1:$G$1000,5,FALSE())),"") | K42: =if(isnumber(L42),if($Q$1="Internal",C42*$N$1,C42*$N$1+J42),"") | L42: =IF(AND(NOT(ISBLANK($D42)),ISNUMBER(C42)),IF(C42>0,MAX(0,C42*$N$1+J42-M42),0),"") | M42: =IFNA(IF(ISBLANK($A42),"",VLOOKUP($A42,'components list'!$N$1:$AM$10000,4,FALSE())),"") | N42: =IFNA(IF(ISBLANK($A42),"",VLOOKUP($A42,'components list'!$N$1:$AM$10000,3,FALSE())),"") | O42: =if(isnumber(L42),MAX(0,rounddown(M42/C42,0)),"") | P42: =if(O42>=$N$1,"OK","NOK") -> OK | Q42: =if(isnumber(L42),max(0,rounddown((M42-VLOOKUP($D42,'components list'!$A$1:$G$1000,5,FALSE()))/C42,0)),"") | R42: =if(Q42>=$N$1,"OK","NOK") -> OK
... A54: =IF($D54="","",VLOOKUP($D54,'components list'!$A$1:$G$1000,2,FALSE())) | D54: {=IF(ISBLANK($F54),"",INDIRECT("components list!A"&match(F54,'components list'!$D$1:$D$1000,0)))} | E54: =IF($D54="","",VLOOKUP($D54,'components list'!$A$1:$G$1000,3,FALSE())) | G54: =IF($D54="","",VLOOKUP($D54,'components list'!$A$1:$G$1000,6,FALSE())) | H54: =IF($D54="","",VLOOKUP($D54,'components list'!$A$1:$G$1000,7,FALSE())) | J54: =IF(AND(NOT($D54=""),ISNUMBER(C54)),IF($Q$1="Internal",0,VLOOKUP($D54,'components list'!$A$1:$G$1000,5,FALSE())),"") | K54: =if(isnumber(L54),if($Q$1="Internal",C54*$N$1,C54*$N$1+J54),"") | L54: =IF(AND(NOT(ISBLANK($D54)),ISNUMBER(C54)),IF(C54>0,MAX(0,C54*$N$1+J54-M54),0),"") | M54: =IFNA(IF(ISBLANK($A54),"",VLOOKUP($A54,'components list'!$N$1:$AM$10000,4,FALSE())),"") | N54: =IFNA(IF(ISBLANK($A54),"",VLOOKUP($A54,'components list'!$N$1:$AM$10000,3,FALSE())),"") | O54: =if(isnumber(L54),MAX(0,rounddown(M54/C54,0)),"") | P54: =if(O54>=$N$1,"OK","NOK") -> OK | Q54: =if(isnumber(L54),max(0,rounddown((M54-VLOOKUP($D54,'components list'!$A$1:$G$1000,5,FALSE()))/C54,0)),"") | R54: =if(Q54>=$N$1,"OK","NOK") -> OK

Sheet components list
A1: =IFERROR(__xludf.DUMMYFUNCTION("QUERY({IMPORTRANGE(""1c0Wh_HY_bz6y2l1Jr0D6rPmvKgyRPSEPphRE5ZAqndk"", ""components list!A1:G1000"")},""Select * where Col1 is not null order by Col1"")"),"CABLE: FFC / FPC 26WAY 0.5MM 152MM [MP-FFCA05261522A]") -> CABLE: FFC / FPC 26WAY 0.5MM 152MM [MP-FFCA05261522A] | B1: =IFERROR(__xludf.DUMMYFUNCTION("""COMPUTED_VALUE"""),"OEPS090005") -> OEPS090005 | C1: =IFERROR(__xludf.DUMMYFUNCTION("""COMPUTED_VALUE"""),"Cable") -> Cable | D1: =IFERROR(__xludf.DUMMYFUNCTION("""COMPUTED_VALUE"""),"MP-FFCA05261522A") -> MP-FFCA05261522A | E1: =IFERROR(__xludf.DUMMYFUNCTION("""COMPUTED_VALUE"""),0.0) -> 0 | F1: =IFERROR(__xludf.DUMMYFUNCTION("""COMPUTED_VALUE"""),"Farnell") -> Farnell | G1: =IFERROR(__xludf.DUMMYFUNCTION("""COMPUTED_VALUE"""),"3385235") -> 3385235 | N1: =IFERROR(__xludf.DUMMYFUNCTION("QUERY({IMPORTRANGE(""1dWr6i50GOcTrOp-NGoVf4u5xOoCU2OQ0bHLlZMtKXgw"", ""components list!A1:Z1000"")},""Select * where Col1 is not null order by Col1"")"),"OEPS OEPS A35 001 OEPS A35 002 OEPS A35 003") -> OEPS OEPS A35 001 OEPS A35 002 OEPS A35 003 | O1: =IFERROR(__xludf.DUMMYFUNCTION("""COMPUTED_VALUE"""),"PDB-C156 TMK105B7104KVHF CL05B103KA5NNNC EMK212ABJ106MG-T") -> PDB-C156 TMK105B7104KVHF CL05B103KA5NNNC EMK212ABJ106MG-T | P1: =IFERROR(__xludf.DUMMYFUNCTION("""COMPUTED_VALUE""")," ") | Q1: =IFERROR(__xludf.DUMMYFUNCTION("""COMPUTED_VALUE""")," ") | R1: =IFERROR(__xludf.DUMMYFUNCTION("""COMPUTED_VALUE""")," ") | S1: =IFERROR(__xludf.DUMMYFUNCTION("""COMPUTED_VALUE""")," ") | T1: =IFERROR(__xludf.DUMMYFUNCTION("""COMPUTED_VALUE""")," ") | U1: =IFERROR(__xludf.DUMMYFUNCTION("""COMPUTED_VALUE""")," ") | V1: =IFERROR(__xludf.DUMMYFUNCTION("""COMPUTED_VALUE""")," ") | W1: =IFERROR(__xludf.DUMMYFUNCTION("""COMPUTED_VALUE""")," ") | ... AM1: =IFERROR(__xludf.DUMMYFUNCTION("""COMPUTED_VALUE""")," ")
A2: =IFERROR(__xludf.DUMMYFUNCTION("""COMPUTED_VALUE"""),"CABLE: FPC 0.30MM 17WAYS 2INCH [0150150217]") -> CABLE: FPC 0.30MM 17WAYS 2INCH [0150150217] | B2: =IFERROR(__xludf.DUMMYFUNCTION("""COMPUTED_VALUE"""),"OEPS090009") -> OEPS090009 | C2: =IFERROR(__xludf.DUMMYFUNCTION("""COMPUTED_VALUE"""),"Cable") -> Cable | D2: =IFERROR(__xludf.DUMMYFUNCTION("""COMPUTED_VALUE"""),"0150150217") -> 0150150217 | E2: =IFERROR(__xludf.DUMMYFUNCTION("""COMPUTED_VALUE"""),0.0) -> 0 | F2: =IFERROR(__xludf.DUMMYFUNCTION("""COMPUTED_VALUE"""),"DigiKey") -> DigiKey | G2: =IFERROR(__xludf.DUMMYFUNCTION("""COMPUTED_VALUE"""),"900-0150150217-ND") -> 900-0150150217-ND | N2: =IFERROR(__xludf.DUMMYFUNCTION("""COMPUTED_VALUE"""),"OEPS A35 004") -> OEPS A35 004 | O2: =IFERROR(__xludf.DUMMYFUNCTION("""COMPUTED_VALUE"""),"C3225X7R1C226K250AC") -> C3225X7R1C226K250AC | P2: =IFERROR(__xludf.DUMMYFUNCTION("""COMPUTED_VALUE"""),"650(R) 378(R) ") -> 650(R) 378(R) | Q2: =IFERROR(__xludf.DUMMYFUNCTION("""COMPUTED_VALUE"""),1028.0) -> 1028 | R2: =IFERROR(__xludf.DUMMYFUNCTION("""COMPUTED_VALUE"""),650.0) -> 650 | S2: =IFERROR(__xludf.DUMMYFUNCTION("""COMPUTED_VALUE"""),"Reel") -> Reel | T2: =IFERROR(__xludf.DUMMYFUNCTION("""COMPUTED_VALUE"""),"0622") -> 0622 | U2: =IFERROR(__xludf.DUMMYFUNCTION("""COMPUTED_VALUE"""),378.0) -> 378 | V2: =IFERROR(__xludf.DUMMYFUNCTION("""COMPUTED_VALUE"""),"Reel") -> Reel | W2: =IFERROR(__xludf.DUMMYFUNCTION("""COMPUTED_VALUE"""),"XXXX") -> XXXX
A3: =IFERROR(__xludf.DUMMYFUNCTION("""COMPUTED_VALUE"""),"CABLE: FPC 0.30MM 17WAYS 6INCH [0150150617]") -> CABLE: FPC 0.30MM 17WAYS 6INCH [0150150617] | B3: =IFERROR(__xludf.DUMMYFUNCTION("""COMPUTED_VALUE"""),"OEPS090008") -> OEPS090008 | C3: =IFERROR(__xludf.DUMMYFUNCTION("""COMPUTED_VALUE"""),"Cable") -> Cable | D3: =IFERROR(__xludf.DUMMYFUNCTION("""COMPUTED_VALUE"""),"0150150617") -> 0150150617 | E3: =IFERROR(__xludf.DUMMYFUNCTION("""COMPUTED_VALUE"""),0.0) -> 0 | F3: =IFERROR(__xludf.DUMMYFUNCTION("""COMPUTED_VALUE"""),"DigiKey") -> DigiKey | G3: =IFERROR(__xludf.DUMMYFUNCTION("""COMPUTED_VALUE"""),"900-0150150617-ND") -> 900-0150150617-ND | N3: =IFERROR(__xludf.DUMMYFUNCTION("""COMPUTED_VALUE"""),"OEPS A35 005") -> OEPS A35 005 | O3: =IFERROR(__xludf.DUMMYFUNCTION("""COMPUTED_VALUE"""),"UMK107BJ105KA-T") -> UMK107BJ105KA-T
A4: =IFERROR(__xludf.DUMMYFUNCTION("""COMPUTED_VALUE"""),"CABLE: FPC 0.30MM 27WAYS 2INCH [0150150227]") -> CABLE: FPC 0.30MM 27WAYS 2INCH [0150150227] | B4: =IFERROR(__xludf.DUMMYFUNCTION("""COMPUTED_VALUE"""),"OEPS090012") -> OEPS090012 | C4: =IFERROR(__xludf.DUMMYFUNCTION("""COMPUTED_VALUE"""),"Cable") -> Cable | D4: =IFERROR(__xludf.DUMMYFUNCTION("""COMPUTED_VALUE"""),"0150150227") -> 0150150227 | E4: =IFERROR(__xludf.DUMMYFUNCTION("""COMPUTED_VALUE"""),0.0) -> 0 | F4: =IFERROR(__xludf.DUMMYFUNCTION("""COMPUTED_VALUE"""),"DigiKey") -> DigiKey | G4: =IFERROR(__xludf.DUMMYFUNCTION("""COMPUTED_VALUE"""),"WM9645-ND") -> WM9645-ND | N4: =IFERROR(__xludf.DUMMYFUNCTION("""COMPUTED_VALUE"""),"OEPS A35 006") -> OEPS A35 006 | O4: =IFERROR(__xludf.DUMMYFUNCTION("""COMPUTED_VALUE"""),"C1005X5R1E474K050BE") -> C1005X5R1E474K050BE
A5: =IFERROR(__xludf.DUMMYFUNCTION("""COMPUTED_VALUE"""),"CABLE: FPC 0.30MM 27WAYS 4INCH [0150150427]") -> CABLE: FPC 0.30MM 27WAYS 4INCH [0150150427] | B5: =IFERROR(__xludf.DUMMYFUNCTION("""COMPUTED_VALUE"""),"OEPS090013") -> OEPS090013 | C5: =IFERROR(__xludf.DUMMYFUNCTION("""COMPUTED_VALUE"""),"Cable") -> Cable | D5: =IFERROR(__xludf.DUMMYFUNCTION("""COMPUTED_VALUE"""),"0150150427") -> 0150150427 | E5: =IFERROR(__xludf.DUMMYFUNCTION("""COMPUTED_VALUE"""),0.0) -> 0 | F5: =IFERROR(__xludf.DUMMYFUNCTION("""COMPUTED_VALUE"""),"DigiKey") -> DigiKey | G5: =IFERROR(__xludf.DUMMYFUNCTION("""COMPUTED_VALUE"""),"WM6669-ND") -> WM6669-ND | N5: =IFERROR(__xludf.DUMMYFUNCTION("""COMPUTED_VALUE"""),"OEPS A35 008") -> OEPS A35 008 | O5: =IFERROR(__xludf.DUMMYFUNCTION("""COMPUTED_VALUE"""),"GRM1555C1H220FA01D") -> GRM1555C1H220FA01D
A6: =IFERROR(__xludf.DUMMYFUNCTION("""COMPUTED_VALUE"""),"CABLE: FPC 0.30MM 45WAYS 2INCH [0150150245]") -> CABLE: FPC 0.30MM 45WAYS 2INCH [0150150245] | B6: =IFERROR(__xludf.DUMMYFUNCTION("""COMPUTED_VALUE"""),"OEPS090010") -> OEPS090010 | C6: =IFERROR(__xludf.DUMMYFUNCTION("""COMPUTED_VALUE"""),"Cable") -> Cable | D6: =IFERROR(__xludf.DUMMYFUNCTION("""COMPUTED_VALUE"""),"0150150245") -> 0150150245 | E6: =IFERROR(__xludf.DUMMYFUNCTION("""COMPUTED_VALUE"""),0.0) -> 0 | F6: =IFERROR(__xludf.DUMMYFUNCTION("""COMPUTED_VALUE"""),"DigiKey") -> DigiKey | G6: =IFERROR(__xludf.DUMMYFUNCTION("""COMPUTED_VALUE"""),"WM9648-ND") -> WM9648-ND | N6: =IFERROR(__xludf.DUMMYFUNCTION("""COMPUTED_VALUE"""),"OEPS A35 009") -> OEPS A35 009 | O6: =IFERROR(__xludf.DUMMYFUNCTION("""COMPUTED_VALUE"""),"GRM155R71H682JA88D") -> GRM155R71H682JA88D
A7: =IFERROR(__xludf.DUMMYFUNCTION("""COMPUTED_VALUE"""),"CABLE: FPC 0.30MM 45WAYS 4INCH [0150150445]") -> CABLE: FPC 0.30MM 45WAYS 4INCH [0150150445] | B7: =IFERROR(__xludf.DUMMYFUNCTION("""COMPUTED_VALUE"""),"OEPS090011") -> OEPS090011 | C7: =IFERROR(__xludf.DUMMYFUNCTION("""COMPUTED_VALUE"""),"Cable") -> Cable | D7: =IFERROR(__xludf.DUMMYFUNCTION("""COMPUTED_VALUE"""),"0150150445") -> 0150150445 | E7: =IFERROR(__xludf.DUMMYFUNCTION("""COMPUTED_VALUE"""),0.0) -> 0 | F7: =IFERROR(__xludf.DUMMYFUNCTION("""COMPUTED_VALUE"""),"DigiKey") -> DigiKey | G7: =IFERROR(__xludf.DUMMYFUNCTION("""COMPUTED_VALUE"""),"WM13117-ND") -> WM13117-ND | N7: =IFERROR(__xludf.DUMMYFUNCTION("""COMPUTED_VALUE"""),"OEPS A35 010") -> OEPS A35 010 | O7: =IFERROR(__xludf.DUMMYFUNCTION("""COMPUTED_VALUE"""),"CL21A475KAQNNNE") -> CL21A475KAQNNNE
A8: =IFERROR(__xludf.DUMMYFUNCTION("""COMPUTED_VALUE"""),"CABLE: MMCX-to-MMCX 2.13meter [523-265101-08-84.00]") -> CABLE: MMCX-to-MMCX 2.13meter [523-265101-08-84.00] | B8: =IFERROR(__xludf.DUMMYFUNCTION("""COMPUTED_VALUE"""),"OEPS090002") -> OEPS090002 | C8: =IFERROR(__xludf.DUMMYFUNCTION("""COMPUTED_VALUE"""),"Cable") -> Cable | D8: =IFERROR(__xludf.DUMMYFUNCTION("""COMPUTED_VALUE"""),"523-265101-08-84.00") -> 523-265101-08-84.00 | E8: =IFERROR(__xludf.DUMMYFUNCTION("""COMPUTED_VALUE"""),1.0) -> 1 | F8: =IFERROR(__xludf.DUMMYFUNCTION("""COMPUTED_VALUE"""),"DigiKey") -> DigiKey | G8: =IFERROR(__xludf.DUMMYFUNCTION("""COMPUTED_VALUE"""),"265101-08-84.00") -> 265101-08-84.00 | N8: =IFERROR(__xludf.DUMMYFUNCTION("""COMPUTED_VALUE"""),"OEPS A35 011") -> OEPS A35 011 | O8: =IFERROR(__xludf.DUMMYFUNCTION("""COMPUTED_VALUE"""),"GRM1555C1H180FA01D") -> GRM1555C1H180FA01D | P8: =IFERROR(__xludf.DUMMYFUNCTION("""COMPUTED_VALUE""")," ")
A9: =IFERROR(__xludf.DUMMYFUNCTION("""COMPUTED_VALUE"""),"CABLE: RIBON 10COND 28AWG GRAY 100FT 30.48meter [3365/10 100]") -> CABLE: RIBON 10COND 28AWG GRAY 100FT 30.48meter [3365/10 100] | B9: =IFERROR(__xludf.DUMMYFUNCTION("""COMPUTED_VALUE"""),"OEPS090003") -> OEPS090003 | C9: =IFERROR(__xludf.DUMMYFUNCTION("""COMPUTED_VALUE"""),"Cable") -> Cable | D9: =IFERROR(__xludf.DUMMYFUNCTION("""COMPUTED_VALUE"""),"3365/10 100") -> 3365/10 100 | E9: =IFERROR(__xludf.DUMMYFUNCTION("""COMPUTED_VALUE"""),0.0) -> 0 | F9: =IFERROR(__xludf.DUMMYFUNCTION("""COMPUTED_VALUE"""),"DigiKey") -> DigiKey | G9: =IFERROR(__xludf.DUMMYFUNCTION("""COMPUTED_VALUE"""),"3M157849-100-ND") -> 3M157849-100-ND | N9: =IFERROR(__xludf.DUMMYFUNCTION("""COMPUTED_VALUE"""),"OEPS A35 012") -> OEPS A35 012 | O9: =IFERROR(__xludf.DUMMYFUNCTION("""COMPUTED_VALUE"""),"T495C107K016ATE200") -> T495C107K016ATE200
A10: =IFERROR(__xludf.DUMMYFUNCTION("""COMPUTED_VALUE"""),"CABLE: RIBON 14COND 28AWG GRAY 100FT 30.48meter [3365/14 100]") -> CABLE: RIBON 14COND 28AWG GRAY 100FT 30.48meter [3365/14 100] | B10: =IFERROR(__xludf.DUMMYFUNCTION("""COMPUTED_VALUE"""),"OEPS090007") -> OEPS090007 | C10: =IFERROR(__xludf.DUMMYFUNCTION("""COMPUTED_VALUE"""),"Cable") -> Cable | D10: =IFERROR(__xludf.DUMMYFUNCTION("""COMPUTED_VALUE"""),"3365/14 100") -> 3365/14 100 | E10: =IFERROR(__xludf.DUMMYFUNCTION("""COMPUTED_VALUE"""),0.0) -> 0 | F10: =IFERROR(__xludf.DUMMYFUNCTION("""COMPUTED_VALUE"""),"DigiKey") -> DigiKey | G10: =IFERROR(__xludf.DUMMYFUNCTION("""COMPUTED_VALUE"""),"3M157859-100-ND") -> 3M157859-100-ND | N10: =IFERROR(__xludf.DUMMYFUNCTION("""COMPUTED_VALUE"""),"OEPS A35 013") -> OEPS A35 013 | O10: =IFERROR(__xludf.DUMMYFUNCTION("""COMPUTED_VALUE"""),"GRM1555C1H100FA01D") -> GRM1555C1H100FA01D
A11: =IFERROR(__xludf.DUMMYFUNCTION("""COMPUTED_VALUE"""),"CABLE: RIBON 8COND WHITE 4INCH 0.1016meter [A08SUR08SUR32W102A]") -> CABLE: RIBON 8COND WHITE 4INCH 0.1016meter [A08SUR08SUR32W102A] | B11: =IFERROR(__xludf.DUMMYFUNCTION("""COMPUTED_VALUE"""),"OEPS090004") -> OEPS090004 | C11: =IFERROR(__xludf.DUMMYFUNCTION("""COMPUTED_VALUE"""),"Cable") -> Cable | D11: =IFERROR(__xludf.DUMMYFUNCTION("""COMPUTED_VALUE"""),"A08SUR08SUR32W102A") -> A08SUR08SUR32W102A | E11: =IFERROR(__xludf.DUMMYFUNCTION("""COMPUTED_VALUE"""),0.0) -> 0 | F11: =IFERROR(__xludf.DUMMYFUNCTION("""COMPUTED_VALUE"""),"DigiKey") -> DigiKey | G11: =IFERROR(__xludf.DUMMYFUNCTION("""COMPUTED_VALUE"""),"455-4058-ND") -> 455-4058-ND | N11: =IFERROR(__xludf.DUMMYFUNCTION("""COMPUTED_VALUE"""),"OEPS A35 014") -> OEPS A35 014 | O11: =IFERROR(__xludf.DUMMYFUNCTION("""COMPUTED_VALUE"""),"RC0402FR-1310KL") -> RC0402FR-1310KL
A12: =IFERROR(__xludf.DUMMYFUNCTION("""COMPUTED_VALUE"""),"CABLE: SDR 2meter 26POS [1SD26-3120-00C-200]") -> CABLE: SDR 2meter 26POS [1SD26-3120-00C-200] | B12: =IFERROR(__xludf.DUMMYFUNCTION("""COMPUTED_VALUE"""),"OEPS090001") -> OEPS090001 | C12: =IFERROR(__xludf.DUMMYFUNCTION("""COMPUTED_VALUE"""),"Cable") -> Cable | D12: =IFERROR(__xludf.DUMMYFUNCTION("""COMPUTED_VALUE"""),"1SD26-3120-00C-200") -> 1SD26-3120-00C-200 | E12: =IFERROR(__xludf.DUMMYFUNCTION("""COMPUTED_VALUE"""),1.0) -> 1 | F12: =IFERROR(__xludf.DUMMYFUNCTION("""COMPUTED_VALUE"""),"DigiKey") -> DigiKey | G12: =IFERROR(__xludf.DUMMYFUNCTION("""COMPUTED_VALUE"""),"3M155828-ND") -> 3M155828-ND | N12: =IFERROR(__xludf.DUMMYFUNCTION("""COMPUTED_VALUE"""),"OEPS A35 015") -> OEPS A35 015 | O12: =IFERROR(__xludf.DUMMYFUNCTION("""COMPUTED_VALUE"""),"RC0402FR-071KL") -> RC0402FR-071KL
A13: =IFERROR(__xludf.DUMMYFUNCTION("""COMPUTED_VALUE"""),"CABLE: Stereo Jack Plug to Plug 3,5 MM 3.3ft (1.0m) [PSG03744]") -> CABLE: Stereo Jack Plug to Plug 3,5 MM 3.3ft (1.0m) [PSG03744] | B13: =IFERROR(__xludf.DUMMYFUNCTION("""COMPUTED_VALUE"""),"OEPS090006") -> OEPS090006 | C13: =IFERROR(__xludf.DUMMYFUNCTION("""COMPUTED_VALUE"""),"Cable") -> Cable | D13: =IFERROR(__xludf.DUMMYFUNCTION("""COMPUTED_VALUE"""),"PSG03744") -> PSG03744 | E13: =IFERROR(__xludf.DUMMYFUNCTION("""COMPUTED_VALUE"""),0.0) -> 0 | F13: =IFERROR(__xludf.DUMMYFUNCTION("""COMPUTED_VALUE"""),"Farnell") -> Farnell | G13: =IFERROR(__xludf.DUMMYFUNCTION("""COMPUTED_VALUE"""),"3498200") -> 3498200 | N13: =IFERROR(__xludf.DUMMYFUNCTION("""COMPUTED_VALUE"""),"OEPS A35 016") -> OEPS A35 016 | O13: =IFERROR(__xludf.DUMMYFUNCTION("""COMPUTED_VALUE"""),"RC0402FR-074K7L") -> RC0402FR-074K7L
A14: =IFERROR(__xludf.DUMMYFUNCTION("""COMPUTED_VALUE"""),"CAPACITOR POL: SMD ALUM 1000uF 6.3V ±20% X7R [MCVVT6R3M102FB3L] [SMD]") -> CAPACITOR POL: SMD ALUM 1000uF 6.3V ±20% X7R [MCVVT6R3M102FB3L] [SMD] | B14: =IFERROR(__xludf.DUMMYFUNCTION("""COMPUTED_VALUE"""),"OEPS210009") -> OEPS210009 | C14: =IFERROR(__xludf.DUMMYFUNCTION("""COMPUTED_VALUE"""),"SMD") -> SMD | D14: =IFERROR(__xludf.DUMMYFUNCTION("""COMPUTED_VALUE"""),"MCVVT6R3M102FB3L") -> MCVVT6R3M102FB3L | E14: =IFERROR(__xludf.DUMMYFUNCTION("""COMPUTED_VALUE"""),5.0) -> 5 | F14: =IFERROR(__xludf.DUMMYFUNCTION("""COMPUTED_VALUE"""),"Farnell") -> Farnell | G14: =IFERROR(__xludf.DUMMYFUNCTION("""COMPUTED_VALUE"""),"2611416") -> 2611416 | N14: =IFERROR(__xludf.DUMMYFUNCTION("""COMPUTED_VALUE"""),"OEPS A35 017") -> OEPS A35 017 | O14: =IFERROR(__xludf.DUMMYFUNCTION("""COMPUTED_VALUE"""),"RC0402FR-070RL") -> RC0402FR-070RL | P14: =IFERROR(__xludf.DUMMYFUNCTION("""COMPUTED_VALUE"""),"91(R) ") -> 91(R) | Q14: =IFERROR(__xludf.DUMMYFUNCTION("""COMPUTED_VALUE"""),91.0) -> 91 | R14: =IFERROR(__xludf.DUMMYFUNCTION("""COMPUTED_VALUE"""),91.0) -> 91 | S14: =IFERROR(__xludf.DUMMYFUNCTION("""COMPUTED_VALUE"""),"Reel") -> Reel | T14: =IFERROR(__xludf.DUMMYFUNCTION("""COMPUTED_VALUE"""),"0622") -> 0622
A15: =IFERROR(__xludf.DUMMYFUNCTION("""COMPUTED_VALUE"""),"CAPACITOR POL: SMD ALUM 100uF 25V ±20% X7R [UCD1E101MCL6GS] [SMD]") -> CAPACITOR POL: SMD ALUM 100uF 25V ±20% X7R [UCD1E101MCL6GS] [SMD] | B15: =IFERROR(__xludf.DUMMYFUNCTION("""COMPUTED_VALUE"""),"OEPS210012") -> OEPS210012 | C15: =IFERROR(__xludf.DUMMYFUNCTION("""COMPUTED_VALUE"""),"SMD") -> SMD | D15: =IFERROR(__xludf.DUMMYFUNCTION("""COMPUTED_VALUE"""),"UCD1E101MCL6GS") -> UCD1E101MCL6GS | E15: =IFERROR(__xludf.DUMMYFUNCTION("""COMPUTED_VALUE"""),2.0) -> 2 | F15: =IFERROR(__xludf.DUMMYFUNCTION("""COMPUTED_VALUE"""),"DigiKey") -> DigiKey | G15: =IFERROR(__xludf.DUMMYFUNCTION("""COMPUTED_VALUE"""),"493-6198-6-ND") -> 493-6198-6-ND | N15: =IFERROR(__xludf.DUMMYFUNCTION("""COMPUTED_VALUE"""),"OEPS A35 019") -> OEPS A35 019 | O15: =IFERROR(__xludf.DUMMYFUNCTION("""COMPUTED_VALUE"""),"RN731ETTP50R0F50") -> RN731ETTP50R0F50 | P15: =IFERROR(__xludf.DUMMYFUNCTION("""COMPUTED_VALUE"""),"58(R) ") -> 58(R) | Q15: =IFERROR(__xludf.DUMMYFUNCTION("""COMPUTED_VALUE"""),58.0) -> 58 | R15: =IFERROR(__xludf.DUMMYFUNCTION("""COMPUTED_VALUE"""),58.0) -> 58 | S15: =IFERROR(__xludf.DUMMYFUNCTION("""COMPUTED_VALUE"""),"Reel") -> Reel | T15: =IFERROR(__xludf.DUMMYFUNCTION("""COMPUTED_VALUE"""),"0622") -> 0622
A16: =IFERROR(__xludf.DUMMYFUNCTION("""COMPUTED_VALUE"""),"CAPACITOR POL: SMD TANT A 1206 100uF 10V ±20% 1.4Ohm [TLJA107M010R1400] [SMD]") -> CAPACITOR POL: SMD TANT A 1206 100uF 10V ±20% 1.4Ohm [TLJA107M010R1400] [SMD] | B16: =IFERROR(__xludf.DUMMYFUNCTION("""COMPUTED_VALUE"""),"OEPS210002") -> OEPS210002 | C16: =IFERROR(__xludf.DUMMYFUNCTION("""COMPUTED_VALUE"""),"SMD") -> SMD | D16: =IFERROR(__xludf.DUMMYFUNCTION("""COMPUTED_VALUE"""),"TLJA107M010R1400") -> TLJA107M010R1400 | E16: =IFERROR(__xludf.DUMMYFUNCTION("""COMPUTED_VALUE"""),5.0) -> 5 | F16: =IFERROR(__xludf.DUMMYFUNCTION("""COMPUTED_VALUE"""),"DigiKey") -> DigiKey | G16: =IFERROR(__xludf.DUMMYFUNCTION("""COMPUTED_VALUE"""),"478-5651-6-ND") -> 478-5651-6-ND | N16: =IFERROR(__xludf.DUMMYFUNCTION("""COMPUTED_VALUE"""),"OEPS A35 020") -> OEPS A35 020 | O16: =IFERROR(__xludf.DUMMYFUNCTION("""COMPUTED_VALUE"""),"RC0402FR-07240RL") -> RC0402FR-07240RL | P16: =IFERROR(__xludf.DUMMYFUNCTION("""COMPUTED_VALUE"""),"506(R) ") -> 506(R) | Q16: =IFERROR(__xludf.DUMMYFUNCTION("""COMPUTED_VALUE"""),506.0) -> 506 | R16: =IFERROR(__xludf.DUMMYFUNCTION("""COMPUTED_VALUE"""),506.0) -> 506 | S16: =IFERROR(__xludf.DUMMYFUNCTION("""COMPUTED_VALUE"""),"Reel") -> Reel | T16: =IFERROR(__xludf.DUMMYFUNCTION("""COMPUTED_VALUE"""),"0622") -> 0622
A17: =IFERROR(__xludf.DUMMYFUNCTION("""COMPUTED_VALUE"""),"CAPACITOR POL: SMD TANT A 1206 4.7uF 16V ±10% [TAJA475K016UNJ] [SMD]") -> CAPACITOR POL: SMD TANT A 1206 4.7uF 16V ±10% [TAJA475K016UNJ] [SMD] | B17: =IFERROR(__xludf.DUMMYFUNCTION("""COMPUTED_VALUE"""),"OEPS210003") -> OEPS210003 | C17: =IFERROR(__xludf.DUMMYFUNCTION("""COMPUTED_VALUE"""),"SMD") -> SMD | D17: =IFERROR(__xludf.DUMMYFUNCTION("""COMPUTED_VALUE"""),"TAJA475K016UNJ") -> TAJA475K016UNJ | E17: =IFERROR(__xludf.DUMMYFUNCTION("""COMPUTED_VALUE"""),5.0) -> 5 | F17: =IFERROR(__xludf.DUMMYFUNCTION("""COMPUTED_VALUE"""),"DigiKey") -> DigiKey | G17: =IFERROR(__xludf.DUMMYFUNCTION("""COMPUTED_VALUE"""),"478-11461-6-ND") -> 478-11461-6-ND | N17: =IFERROR(__xludf.DUMMYFUNCTION("""COMPUTED_VALUE"""),"OEPS A35 021") -> OEPS A35 021 | O17: =IFERROR(__xludf.DUMMYFUNCTION("""COMPUTED_VALUE"""),"RC0402FR-071K6L") -> RC0402FR-071K6L | P17: =IFERROR(__xludf.DUMMYFUNCTION("""COMPUTED_VALUE"""),"503(R) ") -> 503(R) | Q17: =IFERROR(__xludf.DUMMYFUNCTION("""COMPUTED_VALUE"""),503.0) -> 503 | R17: =IFERROR(__xludf.DUMMYFUNCTION("""COMPUTED_VALUE"""),503.0) -> 503 | S17: =IFERROR(__xludf.DUMMYFUNCTION("""COMPUTED_VALUE"""),"Reel") -> Reel | T17: =IFERROR(__xludf.DUMMYFUNCTION("""COMPUTED_VALUE"""),"0622") -> 0622
A18: =IFERROR(__xludf.DUMMYFUNCTION("""COMPUTED_VALUE"""),"CAPACITOR POL: SMD TANT B0 1411 33uF 20V ±20% 50Ohm [TL8B0336M020C] [SMD]") -> CAPACITOR POL: SMD TANT B0 1411 33uF 20V ±20% 50Ohm [TL8B0336M020C] [SMD] | B18: =IFERROR(__xludf.DUMMYFUNCTION("""COMPUTED_VALUE"""),"OEPS210010") -> OEPS210010 | C18: =IFERROR(__xludf.DUMMYFUNCTION("""COMPUTED_VALUE"""),"SMD") -> SMD | D18: =IFERROR(__xludf.DUMMYFUNCTION("""COMPUTED_VALUE"""),"TL8B0336M020C") -> TL8B0336M020C | E18: =IFERROR(__xludf.DUMMYFUNCTION("""COMPUTED_VALUE"""),5.0) -> 5 | F18: =IFERROR(__xludf.DUMMYFUNCTION("""COMPUTED_VALUE"""),"Digikey") -> Digikey | G18: =IFERROR(__xludf.DUMMYFUNCTION("""COMPUTED_VALUE"""),"718-1918-6-ND") -> 718-1918-6-ND | N18: =IFERROR(__xludf.DUMMYFUNCTION("""COMPUTED_VALUE"""),"OEPS A35 022") -> OEPS A35 022 | O18: =IFERROR(__xludf.DUMMYFUNCTION("""COMPUTED_VALUE"""),"RC0402FR-0740K2L") -> RC0402FR-0740K2L
A19: =IFERROR(__xludf.DUMMYFUNCTION("""COMPUTED_VALUE"""),"CAPACITOR POL: SMD TANT D 2917 100uF 16V ±10% 700mOhm [T491D107K016AT7280] [SMD]") -> CAPACITOR POL: SMD TANT D 2917 100uF 16V ±10% 700mOhm [T491D107K016AT7280] [SMD] | B19: =IFERROR(__xludf.DUMMYFUNCTION("""COMPUTED_VALUE"""),"OEPS210004") -> OEPS210004 | C19: =IFERROR(__xludf.DUMMYFUNCTION("""COMPUTED_VALUE"""),"SMD") -> SMD | D19: =IFERROR(__xludf.DUMMYFUNCTION("""COMPUTED_VALUE"""),"T491D107K016AT7280") -> T491D107K016AT7280 | E19: =IFERROR(__xludf.DUMMYFUNCTION("""COMPUTED_VALUE"""),3.0) -> 3 | F19: =IFERROR(__xludf.DUMMYFUNCTION("""COMPUTED_VALUE"""),"DigiKey") -> DigiKey | G19: =IFERROR(__xludf.DUMMYFUNCTION("""COMPUTED_VALUE"""),"399-18066-6-ND") -> 399-18066-6-ND | N19: =IFERROR(__xludf.DUMMYFUNCTION("""COMPUTED_VALUE"""),"OEPS A35 023") -> OEPS A35 023 | O19: =IFERROR(__xludf.DUMMYFUNCTION("""COMPUTED_VALUE"""),"RC0402FR-07665KL") -> RC0402FR-07665KL
A20: =IFERROR(__xludf.DUMMYFUNCTION("""COMPUTED_VALUE"""),"CAPACITOR POL: SMD TANT D 2917 330uF 10V ±10% 65mOhm (OEPS J30 011A) [TPSD337K010R0065] [SMD]") -> CAPACITOR POL: SMD TANT D 2917 330uF 10V ±10% 65mOhm (OEPS J30 011A) [TPSD337K010R0065] [SMD] | B20: =IFERROR(__xludf.DUMMYFUNCTION("""COMPUTED_VALUE"""),"OEPS210008") -> OEPS210008 | C20: =IFERROR(__xludf.DUMMYFUNCTION("""COMPUTED_VALUE"""),"SMD") -> SMD | D20: =IFERROR(__xludf.DUMMYFUNCTION("""COMPUTED_VALUE"""),"TPSD337K010R0065") -> TPSD337K010R0065 | E20: =IFERROR(__xludf.DUMMYFUNCTION("""COMPUTED_VALUE"""),5.0) -> 5 | F20: =IFERROR(__xludf.DUMMYFUNCTION("""COMPUTED_VALUE"""),"Digikey") -> Digikey | G20: =IFERROR(__xludf.DUMMYFUNCTION("""COMPUTED_VALUE"""),"478-9190-6-ND") -> 478-9190-6-ND | N20: =IFERROR(__xludf.DUMMYFUNCTION("""COMPUTED_VALUE"""),"OEPS A35 024") -> OEPS A35 024 | O20: =IFERROR(__xludf.DUMMYFUNCTION("""COMPUTED_VALUE"""),"RC0402FR-07357KL") -> RC0402FR-07357KL
A21: =IFERROR(__xludf.DUMMYFUNCTION("""COMPUTED_VALUE"""),"CAPACITOR POL: SMD TANT X 100uF 16V ±10% 75mOhm [T498X107K016ATE075] [SMD]") -> CAPACITOR POL: SMD TANT X 100uF 16V ±10% 75mOhm [T498X107K016ATE075] [SMD] | B21: =IFERROR(__xludf.DUMMYFUNCTION("""COMPUTED_VALUE"""),"OEPS210001") -> OEPS210001 | C21: =IFERROR(__xludf.DUMMYFUNCTION("""COMPUTED_VALUE"""),"SMD") -> SMD | D21: =IFERROR(__xludf.DUMMYFUNCTION("""COMPUTED_VALUE"""),"T498X107K016ATE075") -> T498X107K016ATE075 | E21: =IFERROR(__xludf.DUMMYFUNCTION("""COMPUTED_VALUE"""),3.0) -> 3 | F21: =IFERROR(__xludf.DUMMYFUNCTION("""COMPUTED_VALUE"""),"DigiKey") -> DigiKey | G21: =IFERROR(__xludf.DUMMYFUNCTION("""COMPUTED_VALUE"""),"399-5207-6-ND") -> 399-5207-6-ND | N21: =IFERROR(__xludf.DUMMYFUNCTION("""COMPUTED_VALUE"""),"OEPS A35 025") -> OEPS A35 025 | O21: =IFERROR(__xludf.DUMMYFUNCTION("""COMPUTED_VALUE"""),"RC0402FR-0724K9L") -> RC0402FR-0724K9L
A22: =IFERROR(__xludf.DUMMYFUNCTION("""COMPUTED_VALUE"""),"CAPACITOR POL: TH ALUM 100uF 25V ±20% 130mOhm [EEU-FM1E101B] [TH]") -> CAPACITOR POL: TH ALUM 100uF 25V ±20% 130mOhm [EEU-FM1E101B] [TH] | B22: =IFERROR(__xludf.DUMMYFUNCTION("""COMPUTED_VALUE"""),"OEPS210005") -> OEPS210005 | C22: =IFERROR(__xludf.DUMMYFUNCTION("""COMPUTED_VALUE"""),"TH") -> TH | D22: =IFERROR(__xludf.DUMMYFUNCTION("""COMPUTED_VALUE"""),"EEU-FM1E101B") -> EEU-FM1E101B | E22: =IFERROR(__xludf.DUMMYFUNCTION("""COMPUTED_VALUE"""),1.0) -> 1 | F22: =IFERROR(__xludf.DUMMYFUNCTION("""COMPUTED_VALUE"""),"DigiKey") -> DigiKey | G22: =IFERROR(__xludf.DUMMYFUNCTION("""COMPUTED_VALUE"""),"P19702CT-ND") -> P19702CT-ND | N22: =IFERROR(__xludf.DUMMYFUNCTION("""COMPUTED_VALUE"""),"OEPS A35 026") -> OEPS A35 026 | O22: =IFERROR(__xludf.DUMMYFUNCTION("""COMPUTED_VALUE"""),"RC0402FR-0778K7L") -> RC0402FR-0778K7L | P22: =IFERROR(__xludf.DUMMYFUNCTION("""COMPUTED_VALUE"""),"512(R) ") -> 512(R) | Q22: =IFERROR(__xludf.DUMMYFUNCTION("""COMPUTED_VALUE"""),512.0) -> 512 | R22: =IFERROR(__xludf.DUMMYFUNCTION("""COMPUTED_VALUE"""),512.0) -> 512 | S22: =IFERROR(__xludf.DUMMYFUNCTION("""COMPUTED_VALUE"""),"Reel") -> Reel | T22: =IFERROR(__xludf.DUMMYFUNCTION("""COMPUTED_VALUE"""),"0622") -> 0622
A23: =IFERROR(__xludf.DUMMYFUNCTION("""COMPUTED_VALUE"""),"CAPACITOR POL: TH ALUM 330uF 16V ±20% 115,5mOhm [MCGPR16V337M8X11] [TH]") -> CAPACITOR POL: TH ALUM 330uF 16V ±20% 115,5mOhm [MCGPR16V337M8X11] [TH] | B23: =IFERROR(__xludf.DUMMYFUNCTION("""COMPUTED_VALUE"""),"OEPS210006") -> OEPS210006 | C23: =IFERROR(__xludf.DUMMYFUNCTION("""COMPUTED_VALUE"""),"TH") -> TH | D23: =IFERROR(__xludf.DUMMYFUNCTION("""COMPUTED_VALUE"""),"MCGPR16V337M8X11") -> MCGPR16V337M8X11 | E23: =IFERROR(__xludf.DUMMYFUNCTION("""COMPUTED_VALUE"""),1.0) -> 1 | F23: =IFERROR(__xludf.DUMMYFUNCTION("""COMPUTED_VALUE"""),"Farnell") -> Farnell | G23: =IFERROR(__xludf.DUMMYFUNCTION("""COMPUTED_VALUE"""),"9451102") -> 9451102 | N23: =IFERROR(__xludf.DUMMYFUNCTION("""COMPUTED_VALUE"""),"OEPS A35 027") -> OEPS A35 027 | O23: =IFERROR(__xludf.DUMMYFUNCTION("""COMPUTED_VALUE"""),"RC0402FR-07118KL") -> RC0402FR-07118KL | P23: =IFERROR(__xludf.DUMMYFUNCTION("""COMPUTED_VALUE"""),"543(R) ") -> 543(R) | Q23: =IFERROR(__xludf.DUMMYFUNCTION("""COMPUTED_VALUE"""),543.0) -> 543 | R23: =IFERROR(__xludf.DUMMYFUNCTION("""COMPUTED_VALUE"""),543.0) -> 543 | S23: =IFERROR(__xludf.DUMMYFUNCTION("""COMPUTED_VALUE"""),"Reel") -> Reel | T23: =IFERROR(__xludf.DUMMYFUNCTION("""COMPUTED_VALUE"""),"0622") -> 0622
A24: =IFERROR(__xludf.DUMMYFUNCTION("""COMPUTED_VALUE"""),"CAPACITOR POL: TH SUPERCAPACITOR 3F 2.7V ±10% RADIAL [HV0820-2R7305-R] [TH]") -> CAPACITOR POL: TH SUPERCAPACITOR 3F 2.7V ±10% RADIAL [HV0820-2R7305-R] [TH] | B24: =IFERROR(__xludf.DUMMYFUNCTION("""COMPUTED_VALUE"""),"OEPS210011") -> OEPS210011 | C24: =IFERROR(__xludf.DUMMYFUNCTION("""COMPUTED_VALUE"""),"TH") -> TH | D24: =IFERROR(__xludf.DUMMYFUNCTION("""COMPUTED_VALUE"""),"HV0820-2R7305-R") -> HV0820-2R7305-R | E24: =IFERROR(__xludf.DUMMYFUNCTION("""COMPUTED_VALUE"""),1.0) -> 1 | F24: =IFERROR(__xludf.DUMMYFUNCTION("""COMPUTED_VALUE"""),"DigiKey") -> DigiKey | G24: =IFERROR(__xludf.DUMMYFUNCTION("""COMPUTED_VALUE"""),"283-HV0820-2R7305-R-ND") -> 283-HV0820-2R7305-R-ND | N24: =IFERROR(__xludf.DUMMYFUNCTION("""COMPUTED_VALUE"""),"OEPS A35 028") -> OEPS A35 028 | O24: =IFERROR(__xludf.DUMMYFUNCTION("""COMPUTED_VALUE"""),"BLM15AG601SN1D") -> BLM15AG601SN1D
A25: =IFERROR(__xludf.DUMMYFUNCTION("""COMPUTED_VALUE"""),"CAPACITOR POL: USE OEPS210006 INSTEAD [MCGPR16V337M8X11] [TH]") -> CAPACITOR POL: USE OEPS210006 INSTEAD [MCGPR16V337M8X11] [TH] | B25: =IFERROR(__xludf.DUMMYFUNCTION("""COMPUTED_VALUE"""),"OEPS210007") -> OEPS210007 | C25: =IFERROR(__xludf.DUMMYFUNCTION("""COMPUTED_VALUE"""),"TH") -> TH | D25: =IFERROR(__xludf.DUMMYFUNCTION("""COMPUTED_VALUE"""),"MCGPR16V337M8X11") -> MCGPR16V337M8X11 | E25: =IFERROR(__xludf.DUMMYFUNCTION("""COMPUTED_VALUE"""),1.0) -> 1 | F25: =IFERROR(__xludf.DUMMYFUNCTION("""COMPUTED_VALUE"""),"Farnell") -> Farnell | G25: =IFERROR(__xludf.DUMMYFUNCTION("""COMPUTED_VALUE"""),"9451102") -> 9451102 | N25: =IFERROR(__xludf.DUMMYFUNCTION("""COMPUTED_VALUE"""),"OEPS A35 029") -> OEPS A35 029 | O25: =IFERROR(__xludf.DUMMYFUNCTION("""COMPUTED_VALUE"""),"MH2029-221Y") -> MH2029-221Y
A26: =IFERROR(__xludf.DUMMYFUNCTION("""COMPUTED_VALUE"""),"CAPACITOR: SMD CER 01005 10nF 16V ±10% X5R [GRM022R61C103KE01L] [SMD]") -> CAPACITOR: SMD CER 01005 10nF 16V ±10% X5R [GRM022R61C103KE01L] [SMD] | B26: =IFERROR(__xludf.DUMMYFUNCTION("""COMPUTED_VALUE"""),"OEPS010101") -> OEPS010101 | C26: =IFERROR(__xludf.DUMMYFUNCTION("""COMPUTED_VALUE"""),"SMD") -> SMD | D26: =IFERROR(__xludf.DUMMYFUNCTION("""COMPUTED_VALUE"""),"GRM022R61C103KE01L") -> GRM022R61C103KE01L | E26: =IFERROR(__xludf.DUMMYFUNCTION("""COMPUTED_VALUE"""),30.0) -> 30 | F26: =IFERROR(__xludf.DUMMYFUNCTION("""COMPUTED_VALUE"""),"Digikey") -> Digikey | G26: =IFERROR(__xludf.DUMMYFUNCTION("""COMPUTED_VALUE"""),"490-GRM022R61C103KE01LCT-ND") -> 490-GRM022R61C103KE01LCT-ND | N26: =IFERROR(__xludf.DUMMYFUNCTION("""COMPUTED_VALUE"""),"OEPS A35 030") -> OEPS A35 030 | O26: =IFERROR(__xludf.DUMMYFUNCTION("""COMPUTED_VALUE"""),"LTST-C191KGKT") -> LTST-C191KGKT | P26: =IFERROR(__xludf.DUMMYFUNCTION("""COMPUTED_VALUE"""),"59(R) ") -> 59(R) | Q26: =IFERROR(__xludf.DUMMYFUNCTION("""COMPUTED_VALUE"""),59.0) -> 59 | R26: =IFERROR(__xludf.DUMMYFUNCTION("""COMPUTED_VALUE"""),59.0) -> 59 | S26: =IFERROR(__xludf.DUMMYFUNCTION("""COMPUTED_VALUE"""),"Reel") -> Reel | T26: =IFERROR(__xludf.DUMMYFUNCTION("""COMPUTED_VALUE"""),"0923") -> 0923
A27: =IFERROR(__xludf.DUMMYFUNCTION("""COMPUTED_VALUE"""),"CAPACITOR: SMD CER 0201 100nF 10V ±20% X5R (OEPS J05 002) [GRM033R61A104ME15D] [SMD]") -> CAPACITOR: SMD CER 0201 100nF 10V ±20% X5R (OEPS J05 002) [GRM033R61A104ME15D] [SMD] | B27: =IFERROR(__xludf.DUMMYFUNCTION("""COMPUTED_VALUE"""),"OEPS010040") -> OEPS010040 | C27: =IFERROR(__xludf.DUMMYFUNCTION("""COMPUTED_VALUE"""),"SMD") -> SMD | D27: =IFERROR(__xludf.DUMMYFUNCTION("""COMPUTED_VALUE"""),"GRM033R61A104ME15D") -> GRM033R61A104ME15D | E27: =IFERROR(__xludf.DUMMYFUNCTION("""COMPUTED_VALUE"""),30.0) -> 30 | F27: =IFERROR(__xludf.DUMMYFUNCTION("""COMPUTED_VALUE"""),"DigiKey") -> DigiKey | G27: =IFERROR(__xludf.DUMMYFUNCTION("""COMPUTED_VALUE"""),"490-5405-6-ND") -> 490-5405-6-ND | N27: =IFERROR(__xludf.DUMMYFUNCTION("""COMPUTED_VALUE"""),"OEPS A35 031") -> OEPS A35 031 | O27: =IFERROR(__xludf.DUMMYFUNCTION("""COMPUTED_VALUE"""),"LTST-C191KRKT") -> LTST-C191KRKT | P27: =IFERROR(__xludf.DUMMYFUNCTION("""COMPUTED_VALUE"""),"71(R) ") -> 71(R) | Q27: =IFERROR(__xludf.DUMMYFUNCTION("""COMPUTED_VALUE"""),71.0) -> 71 | R27: =IFERROR(__xludf.DUMMYFUNCTION("""COMPUTED_VALUE"""),71.0) -> 71 | S27: =IFERROR(__xludf.DUMMYFUNCTION("""COMPUTED_VALUE"""),"Reel") -> Reel | T27: =IFERROR(__xludf.DUMMYFUNCTION("""COMPUTED_VALUE"""),"0523") -> 0523
A28: =IFERROR(__xludf.DUMMYFUNCTION("""COMPUTED_VALUE"""),"CAPACITOR: SMD CER 0201 100nF 25V ±10% X5R (OEPS M01 007) [GRM033R61E104KE14J] [SMD]") -> CAPACITOR: SMD CER 0201 100nF 25V ±10% X5R (OEPS M01 007) [GRM033R61E104KE14J] [SMD] | B28: =IFERROR(__xludf.DUMMYFUNCTION("""COMPUTED_VALUE"""),"OEPS010035") -> OEPS010035 | C28: =IFERROR(__xludf.DUMMYFUNCTION("""COMPUTED_VALUE"""),"SMD") -> SMD | D28: =IFERROR(__xludf.DUMMYFUNCTION("""COMPUTED_VALUE"""),"GRM033R61E104KE14J") -> GRM033R61E104KE14J | E28: =IFERROR(__xludf.DUMMYFUNCTION("""COMPUTED_VALUE"""),30.0) -> 30 | F28: =IFERROR(__xludf.DUMMYFUNCTION("""COMPUTED_VALUE"""),"DigiKey") -> DigiKey | G28: =IFERROR(__xludf.DUMMYFUNCTION("""COMPUTED_VALUE"""),"490-14571-6-ND") -> 490-14571-6-ND | N28: =IFERROR(__xludf.DUMMYFUNCTION("""COMPUTED_VALUE"""),"OEPS A35 032") -> OEPS A35 032 | O28: =IFERROR(__xludf.DUMMYFUNCTION("""COMPUTED_VALUE"""),"PMEG3030EP,115") -> PMEG3030EP,115 | P28: =IFERROR(__xludf.DUMMYFUNCTION("""COMPUTED_VALUE"""),"53(R) ") -> 53(R) | Q28: =IFERROR(__xludf.DUMMYFUNCTION("""COMPUTED_VALUE"""),53.0) -> 53 | R28: =IFERROR(__xludf.DUMMYFUNCTION("""COMPUTED_VALUE"""),53.0) -> 53 | S28: =IFERROR(__xludf.DUMMYFUNCTION("""COMPUTED_VALUE"""),"Reel") -> Reel | T28: =IFERROR(__xludf.DUMMYFUNCTION("""COMPUTED_VALUE"""),"0622") -> 0622
A29: =IFERROR(__xludf.DUMMYFUNCTION("""COMPUTED_VALUE"""),"CAPACITOR: SMD CER 0201 10nF 10V ±10% X7R (OEPS J05 006) [GRM033R71A103KA01D] [SMD]") -> CAPACITOR: SMD CER 0201 10nF 10V ±10% X7R (OEPS J05 006) [GRM033R71A103KA01D] [SMD] | B29: =IFERROR(__xludf.DUMMYFUNCTION("""COMPUTED_VALUE"""),"OEPS010044") -> OEPS010044 | C29: =IFERROR(__xludf.DUMMYFUNCTION("""COMPUTED_VALUE"""),"SMD") -> SMD | D29: =IFERROR(__xludf.DUMMYFUNCTION("""COMPUTED_VALUE"""),"GRM033R71A103KA01D") -> GRM033R71A103KA01D | E29: =IFERROR(__xludf.DUMMYFUNCTION("""COMPUTED_VALUE"""),30.0) -> 30 | F29: =IFERROR(__xludf.DUMMYFUNCTION("""COMPUTED_VALUE"""),"DigiKey") -> DigiKey | G29: =IFERROR(__xludf.DUMMYFUNCTION("""COMPUTED_VALUE"""),"490-3194-6-ND") -> 490-3194-6-ND | N29: =IFERROR(__xludf.DUMMYFUNCTION("""COMPUTED_VALUE"""),"OEPS A35 034") -> OEPS A35 034 | O29: =IFERROR(__xludf.DUMMYFUNCTION("""COMPUTED_VALUE"""),"CUZ6V8,H3F") -> CUZ6V8,H3F
A30: =IFERROR(__xludf.DUMMYFUNCTION("""COMPUTED_VALUE"""),"CAPACITOR: SMD CER 0201 10nF 25V ±10% X7R (OEPS M01 004) [GRM033R71E103KE14D] [SMD]") -> CAPACITOR: SMD CER 0201 10nF 25V ±10% X7R (OEPS M01 004) [GRM033R71E103KE14D] [SMD] | B30: =IFERROR(__xludf.DUMMYFUNCTION("""COMPUTED_VALUE"""),"OEPS010037") -> OEPS010037 | C30: =IFERROR(__xludf.DUMMYFUNCTION("""COMPUTED_VALUE"""),"SMD") -> SMD | D30: =IFERROR(__xludf.DUMMYFUNCTION("""COMPUTED_VALUE"""),"GRM033R71E103KE14D") -> GRM033R71E103KE14D | E30: =IFERROR(__xludf.DUMMYFUNCTION("""COMPUTED_VALUE"""),30.0) -> 30 | F30: =IFERROR(__xludf.DUMMYFUNCTION("""COMPUTED_VALUE"""),"DigiKey") -> DigiKey | G30: =IFERROR(__xludf.DUMMYFUNCTION("""COMPUTED_VALUE"""),"490-14454-6-ND") -> 490-14454-6-ND | N30: =IFERROR(__xludf.DUMMYFUNCTION("""COMPUTED_VALUE"""),"OEPS A35 035") -> OEPS A35 035 | O30: =IFERROR(__xludf.DUMMYFUNCTION("""COMPUTED_VALUE"""),"LFE5U-85F-6BG381C") -> LFE5U-85F-6BG381C
A31: =IFERROR(__xludf.DUMMYFUNCTION("""COMPUTED_VALUE"""),"CAPACITOR: SMD CER 0201 10pF 50V ±5% C0G [GRM0335C1H100JA01J] [SMD]") -> CAPACITOR: SMD CER 0201 10pF 50V ±5% C0G [GRM0335C1H100JA01J] [SMD] | B31: =IFERROR(__xludf.DUMMYFUNCTION("""COMPUTED_VALUE"""),"OEPS010060") -> OEPS010060 | C31: =IFERROR(__xludf.DUMMYFUNCTION("""COMPUTED_VALUE"""),"SMD") -> SMD | D31: =IFERROR(__xludf.DUMMYFUNCTION("""COMPUTED_VALUE"""),"GRM0335C1H100JA01J") -> GRM0335C1H100JA01J | E31: =IFERROR(__xludf.DUMMYFUNCTION("""COMPUTED_VALUE"""),30.0) -> 30 | F31: =IFERROR(__xludf.DUMMYFUNCTION("""COMPUTED_VALUE"""),"DigiKey") -> DigiKey | G31: =IFERROR(__xludf.DUMMYFUNCTION("""COMPUTED_VALUE"""),"490-17811-6-ND") -> 490-17811-6-ND | N31: =IFERROR(__xludf.DUMMYFUNCTION("""COMPUTED_VALUE"""),"OEPS A35 035A") -> OEPS A35 035A | O31: =IFERROR(__xludf.DUMMYFUNCTION("""COMPUTED_VALUE"""),"LFE5U-85F-6BG381I") -> LFE5U-85F-6BG381I
A32: =IFERROR(__xludf.DUMMYFUNCTION("""COMPUTED_VALUE"""),"CAPACITOR: SMD CER 0201 1uF 10V ±20% X5R (OEPS J05 003) [GRM033R61A105ME15D] [SMD]") -> CAPACITOR: SMD CER 0201 1uF 10V ±20% X5R (OEPS J05 003) [GRM033R61A105ME15D] [SMD] | B32: =IFERROR(__xludf.DUMMYFUNCTION("""COMPUTED_VALUE"""),"OEPS010041") -> OEPS010041 | C32: =IFERROR(__xludf.DUMMYFUNCTION("""COMPUTED_VALUE"""),"SMD") -> SMD | D32: =IFERROR(__xludf.DUMMYFUNCTION("""COMPUTED_VALUE"""),"GRM033R61A105ME15D") -> GRM033R61A105ME15D | E32: =IFERROR(__xludf.DUMMYFUNCTION("""COMPUTED_VALUE"""),30.0) -> 30 | F32: =IFERROR(__xludf.DUMMYFUNCTION("""COMPUTED_VALUE"""),"DigiKey") -> DigiKey | G32: =IFERROR(__xludf.DUMMYFUNCTION("""COMPUTED_VALUE"""),"490-13226-6-ND") -> 490-13226-6-ND | N32: =IFERROR(__xludf.DUMMYFUNCTION("""COMPUTED_VALUE"""),"OEPS A35 036") -> OEPS A35 036 | O32: =IFERROR(__xludf.DUMMYFUNCTION("""COMPUTED_VALUE"""),"SIT9120AC-2C2-25E100.000000X") -> SIT9120AC-2C2-25E100.000000X | P32: =IFERROR(__xludf.DUMMYFUNCTION("""COMPUTED_VALUE"""),"22(R) ") -> 22(R) | Q32: =IFERROR(__xludf.DUMMYFUNCTION("""COMPUTED_VALUE"""),22.0) -> 22 | R32: =IFERROR(__xludf.DUMMYFUNCTION("""COMPUTED_VALUE"""),22.0) -> 22 | S32: =IFERROR(__xludf.DUMMYFUNCTION("""COMPUTED_VALUE"""),"Reel") -> Reel | T32: =IFERROR(__xludf.DUMMYFUNCTION("""COMPUTED_VALUE"""),"XXXX") -> XXXX
A33: =IFERROR(__xludf.DUMMYFUNCTION("""COMPUTED_VALUE"""),"CAPACITOR: SMD CER 0201 1uF 16V ±20% X5R (OEPS M01 009) [CL03A105MO3NRNH] [SMD]") -> CAPACITOR: SMD CER 0201 1uF 16V ±20% X5R (OEPS M01 009) [CL03A105MO3NRNH] [SMD] | B33: =IFERROR(__xludf.DUMMYFUNCTION("""COMPUTED_VALUE"""),"OEPS010036") -> OEPS010036 | C33: =IFERROR(__xludf.DUMMYFUNCTION("""COMPUTED_VALUE"""),"SMD") -> SMD | D33: =IFERROR(__xludf.DUMMYFUNCTION("""COMPUTED_VALUE"""),"CL03A105MO3NRNH") -> CL03A105MO3NRNH | E33: =IFERROR(__xludf.DUMMYFUNCTION("""COMPUTED_VALUE"""),30.0) -> 30 | F33: =IFERROR(__xludf.DUMMYFUNCTION("""COMPUTED_VALUE"""),"DigiKey") -> DigiKey | G33: =IFERROR(__xludf.DUMMYFUNCTION("""COMPUTED_VALUE"""),"1276-6798-6-ND") -> 1276-6798-6-ND | N33: =IFERROR(__xludf.DUMMYFUNCTION("""COMPUTED_VALUE"""),"OEPS A35 037") -> OEPS A35 037 | O33: =IFERROR(__xludf.DUMMYFUNCTION("""COMPUTED_VALUE"""),"W25Q128JVPIQ TR") -> W25Q128JVPIQ TR
A34: =IFERROR(__xludf.DUMMYFUNCTION("""COMPUTED_VALUE"""),"CAPACITOR: SMD CER 0201 2.2uF 10V ±20% X5R (OEPS J05 004A) [CM03X5R225M10AH] [SMD]") -> CAPACITOR: SMD CER 0201 2.2uF 10V ±20% X5R (OEPS J05 004A) [CM03X5R225M10AH] [SMD] | B34: =IFERROR(__xludf.DUMMYFUNCTION("""COMPUTED_VALUE"""),"OEPS010042") -> OEPS010042 | C34: =IFERROR(__xludf.DUMMYFUNCTION("""COMPUTED_VALUE"""),"SMD") -> SMD | D34: =IFERROR(__xludf.DUMMYFUNCTION("""COMPUTED_VALUE"""),"CM03X5R225M10AH") -> CM03X5R225M10AH | E34: =IFERROR(__xludf.DUMMYFUNCTION("""COMPUTED_VALUE"""),30.0) -> 30 | F34: =IFERROR(__xludf.DUMMYFUNCTION("""COMPUTED_VALUE"""),"Mouser") -> Mouser | G34: =IFERROR(__xludf.DUMMYFUNCTION("""COMPUTED_VALUE"""),"346-CM03X5R225M10AH") -> 346-CM03X5R225M10AH | N34: =IFERROR(__xludf.DUMMYFUNCTION("""COMPUTED_VALUE"""),"OEPS A35 038") -> OEPS A35 038 | O34: =IFERROR(__xludf.DUMMYFUNCTION("""COMPUTED_VALUE"""),"MT41K64M16TW-107:J") -> MT41K64M16TW-107:J | P34: =IFERROR(__xludf.DUMMYFUNCTION("""COMPUTED_VALUE"""),"2(Tr) ") -> 2(Tr) | Q34: =IFERROR(__xludf.DUMMYFUNCTION("""COMPUTED_VALUE"""),2.0) -> 2 | R34: =IFERROR(__xludf.DUMMYFUNCTION("""COMPUTED_VALUE"""),2.0) -> 2 | S34: =IFERROR(__xludf.DUMMYFUNCTION("""COMPUTED_VALUE"""),"Tray") -> Tray | T34: =IFERROR(__xludf.DUMMYFUNCTION("""COMPUTED_VALUE"""),"0222") -> 0222
A35: =IFERROR(__xludf.DUMMYFUNCTION("""COMPUTED_VALUE"""),"CAPACITOR: SMD CER 0201 22nF 25V ±10% X5R [C0603X5R1E223K030BB] [SMD]") -> CAPACITOR: SMD CER 0201 22nF 25V ±10% X5R [C0603X5R1E223K030BB] [SMD] | B35: =IFERROR(__xludf.DUMMYFUNCTION("""COMPUTED_VALUE"""),"OEPS010058") -> OEPS010058 | C35: =IFERROR(__xludf.DUMMYFUNCTION("""COMPUTED_VALUE"""),"SMD") -> SMD | D35: =IFERROR(__xludf.DUMMYFUNCTION("""COMPUTED_VALUE"""),"C0603X5R1E223K030BB") -> C0603X5R1E223K030BB | E35: =IFERROR(__xludf.DUMMYFUNCTION("""COMPUTED_VALUE"""),30.0) -> 30 | F35: =IFERROR(__xludf.DUMMYFUNCTION("""COMPUTED_VALUE"""),"DigiKey") -> DigiKey | G35: =IFERROR(__xludf.DUMMYFUNCTION("""COMPUTED_VALUE"""),"445-13675-6-ND") -> 445-13675-6-ND | N35: =IFERROR(__xludf.DUMMYFUNCTION("""COMPUTED_VALUE"""),"OEPS A35 041") -> OEPS A35 041 | O35: =IFERROR(__xludf.DUMMYFUNCTION("""COMPUTED_VALUE"""),"FT600-B-T") -> FT600-B-T | P35: =IFERROR(__xludf.DUMMYFUNCTION("""COMPUTED_VALUE"""),"1(Tr) ") -> 1(Tr) | Q35: =IFERROR(__xludf.DUMMYFUNCTION("""COMPUTED_VALUE"""),1.0) -> 1 | R35: =IFERROR(__xludf.DUMMYFUNCTION("""COMPUTED_VALUE"""),1.0) -> 1 | S35: =IFERROR(__xludf.DUMMYFUNCTION("""COMPUTED_VALUE"""),"Tray") -> Tray | T35: =IFERROR(__xludf.DUMMYFUNCTION("""COMPUTED_VALUE"""),"XXXX") -> XXXX
A36: =IFERROR(__xludf.DUMMYFUNCTION("""COMPUTED_VALUE"""),"CAPACITOR: SMD CER 0201 27nF 16V ±10% X7R (OEPS Z00 003) [GRM033R61C273KE84D] [SMD]") -> CAPACITOR: SMD CER 0201 27nF 16V ±10% X7R (OEPS Z00 003) [GRM033R61C273KE84D] [SMD] | B36: =IFERROR(__xludf.DUMMYFUNCTION("""COMPUTED_VALUE"""),"OEPS010069") -> OEPS010069 | C36: =IFERROR(__xludf.DUMMYFUNCTION("""COMPUTED_VALUE"""),"SMD") -> SMD | D36: =IFERROR(__xludf.DUMMYFUNCTION("""COMPUTED_VALUE"""),"GRM033R61C273KE84D") -> GRM033R61C273KE84D | E36: =IFERROR(__xludf.DUMMYFUNCTION("""COMPUTED_VALUE"""),30.0) -> 30 | F36: =IFERROR(__xludf.DUMMYFUNCTION("""COMPUTED_VALUE"""),"DigiKey") -> DigiKey | G36: =IFERROR(__xludf.DUMMYFUNCTION("""COMPUTED_VALUE"""),"490-10416-6-ND") -> 490-10416-6-ND | N36: =IFERROR(__xludf.DUMMYFUNCTION("""COMPUTED_VALUE"""),"OEPS A35 042") -> OEPS A35 042 | O36: =IFERROR(__xludf.DUMMYFUNCTION("""COMPUTED_VALUE"""),"LTC4360ISC8-2#TRMPBF") -> LTC4360ISC8-2#TRMPBF
A37: =IFERROR(__xludf.DUMMYFUNCTION("""COMPUTED_VALUE"""),"CAPACITOR: SMD CER 0201 27pF 50V ±2% C0G, NP0 [GRM0335C1H270GA01D] [SMD]") -> CAPACITOR: SMD CER 0201 27pF 50V ±2% C0G, NP0 [GRM0335C1H270GA01D] [SMD] | B37: =IFERROR(__xludf.DUMMYFUNCTION("""COMPUTED_VALUE"""),"OEPS010029") -> OEPS010029 | C37: =IFERROR(__xludf.DUMMYFUNCTION("""COMPUTED_VALUE"""),"SMD") -> SMD | D37: =IFERROR(__xludf.DUMMYFUNCTION("""COMPUTED_VALUE"""),"GRM0335C1H270GA01D") -> GRM0335C1H270GA01D | E37: =IFERROR(__xludf.DUMMYFUNCTION("""COMPUTED_VALUE"""),30.0) -> 30 | F37: =IFERROR(__xludf.DUMMYFUNCTION("""COMPUTED_VALUE"""),"DigiKey") -> DigiKey | G37: =IFERROR(__xludf.DUMMYFUNCTION("""COMPUTED_VALUE"""),"490-11317-6-ND") -> 490-11317-6-ND | N37: =IFERROR(__xludf.DUMMYFUNCTION("""COMPUTED_VALUE"""),"OEPS A35 043") -> OEPS A35 043 | O37: =IFERROR(__xludf.DUMMYFUNCTION("""COMPUTED_VALUE"""),"LTM8051IY#PBF") -> LTM8051IY#PBF
A38: =IFERROR(__xludf.DUMMYFUNCTION("""COMPUTED_VALUE"""),"CAPACITOR: SMD CER 0201 30pF 50V ±2% C0G (OEPS J05 039) [GRM0335C1H300GA01D] [SMD]") -> CAPACITOR: SMD CER 0201 30pF 50V ±2% C0G (OEPS J05 039) [GRM0335C1H300GA01D] [SMD] | B38: =IFERROR(__xludf.DUMMYFUNCTION("""COMPUTED_VALUE"""),"OEPS010049") -> OEPS010049 | C38: =IFERROR(__xludf.DUMMYFUNCTION("""COMPUTED_VALUE"""),"SMD") -> SMD | D38: =IFERROR(__xludf.DUMMYFUNCTION("""COMPUTED_VALUE"""),"GRM0335C1H300GA01D") -> GRM0335C1H300GA01D | E38: =IFERROR(__xludf.DUMMYFUNCTION("""COMPUTED_VALUE"""),30.0) -> 30 | F38: =IFERROR(__xludf.DUMMYFUNCTION("""COMPUTED_VALUE"""),"DigiKey") -> DigiKey | G38: =IFERROR(__xludf.DUMMYFUNCTION("""COMPUTED_VALUE"""),"490-14560-6-ND") -> 490-14560-6-ND | N38: =IFERROR(__xludf.DUMMYFUNCTION("""COMPUTED_VALUE"""),"OEPS A35 044") -> OEPS A35 044 | O38: =IFERROR(__xludf.DUMMYFUNCTION("""COMPUTED_VALUE"""),"NLSX3018MUTAG") -> NLSX3018MUTAG | P38: =IFERROR(__xludf.DUMMYFUNCTION("""COMPUTED_VALUE"""),"12 ") -> 12 | Q38: =IFERROR(__xludf.DUMMYFUNCTION("""COMPUTED_VALUE"""),12.0) -> 12 | R38: =IFERROR(__xludf.DUMMYFUNCTION("""COMPUTED_VALUE"""),12.0) -> 12 | S38: =IFERROR(__xludf.DUMMYFUNCTION("""COMPUTED_VALUE"""),"Bag") -> Bag | T38: =IFERROR(__xludf.DUMMYFUNCTION("""COMPUTED_VALUE"""),"XXXX") -> XXXX
A39: =IFERROR(__xludf.DUMMYFUNCTION("""COMPUTED_VALUE"""),"CAPACITOR: SMD CER 0201 4.7UF 6.3V ±20% X5R [GRM035R60J475ME15D] [SMD]") -> CAPACITOR: SMD CER 0201 4.7UF 6.3V ±20% X5R [GRM035R60J475ME15D] [SMD] | B39: =IFERROR(__xludf.DUMMYFUNCTION("""COMPUTED_VALUE"""),"OEPS010065") -> OEPS010065 | C39: =IFERROR(__xludf.DUMMYFUNCTION("""COMPUTED_VALUE"""),"SMD") -> SMD | D39: =IFERROR(__xludf.DUMMYFUNCTION("""COMPUTED_VALUE"""),"GRM035R60J475ME15D") -> GRM035R60J475ME15D | E39: =IFERROR(__xludf.DUMMYFUNCTION("""COMPUTED_VALUE"""),30.0) -> 30 | F39: =IFERROR(__xludf.DUMMYFUNCTION("""COMPUTED_VALUE"""),"DigiKey") -> DigiKey | G39: =IFERROR(__xludf.DUMMYFUNCTION("""COMPUTED_VALUE"""),"490-13230-6-ND") -> 490-13230-6-ND | N39: =IFERROR(__xludf.DUMMYFUNCTION("""COMPUTED_VALUE"""),"OEPS A35 045") -> OEPS A35 045 | O39: =IFERROR(__xludf.DUMMYFUNCTION("""COMPUTED_VALUE"""),"ABM8G-30.000MHZ-18-D2Y-T") -> ABM8G-30.000MHZ-18-D2Y-T
A40: =IFERROR(__xludf.DUMMYFUNCTION("""COMPUTED_VALUE"""),"CAPACITOR: SMD CER 0201 47nF 16V ±10% X5R (OEPS J05 005) [GRM033R61C473KE84D] [SMD]") -> CAPACITOR: SMD CER 0201 47nF 16V ±10% X5R (OEPS J05 005) [GRM033R61C473KE84D] [SMD] | B40: =IFERROR(__xludf.DUMMYFUNCTION("""COMPUTED_VALUE"""),"OEPS010043") -> OEPS010043 | C40: =IFERROR(__xludf.DUMMYFUNCTION("""COMPUTED_VALUE"""),"SMD") -> SMD | D40: =IFERROR(__xludf.DUMMYFUNCTION("""COMPUTED_VALUE"""),"GRM033R61C473KE84D") -> GRM033R61C473KE84D | E40: =IFERROR(__xludf.DUMMYFUNCTION("""COMPUTED_VALUE"""),30.0) -> 30 | F40: =IFERROR(__xludf.DUMMYFUNCTION("""COMPUTED_VALUE"""),"DigiKey") -> DigiKey | G40: =IFERROR(__xludf.DUMMYFUNCTION("""COMPUTED_VALUE"""),"490-7227-6-ND") -> 490-7227-6-ND | N40: =IFERROR(__xludf.DUMMYFUNCTION("""COMPUTED_VALUE"""),"OEPS A35 047") -> OEPS A35 047 | O40: =IFERROR(__xludf.DUMMYFUNCTION("""COMPUTED_VALUE"""),"ZXMC3A16DN8TC") -> ZXMC3A16DN8TC | P40: =IFERROR(__xludf.DUMMYFUNCTION("""COMPUTED_VALUE"""),"9(Tb) 4(Tb) ") -> 9(Tb) 4(Tb) | Q40: =IFERROR(__xludf.DUMMYFUNCTION("""COMPUTED_VALUE"""),13.0) -> 13 | R40: =IFERROR(__xludf.DUMMYFUNCTION("""COMPUTED_VALUE"""),9.0) -> 9 | S40: =IFERROR(__xludf.DUMMYFUNCTION("""COMPUTED_VALUE"""),"Tube") -> Tube | T40: =IFERROR(__xludf.DUMMYFUNCTION("""COMPUTED_VALUE"""),"XXXX") -> XXXX | U40: =IFERROR(__xludf.DUMMYFUNCTION("""COMPUTED_VALUE"""),4.0) -> 4 | V40: =IFERROR(__xludf.DUMMYFUNCTION("""COMPUTED_VALUE"""),"Tube") -> Tube | W40: =IFERROR(__xludf.DUMMYFUNCTION("""COMPUTED_VALUE"""),"XXXX") -> XXXX
A41: =IFERROR(__xludf.DUMMYFUNCTION("""COMPUTED_VALUE"""),"CAPACITOR: SMD CER 0201 47nF 25V ±10% X5R [CC0201KRX5R8BB473] [SMD]") -> CAPACITOR: SMD CER 0201 47nF 25V ±10% X5R [CC0201KRX5R8BB473] [SMD] | B41: =IFERROR(__xludf.DUMMYFUNCTION("""COMPUTED_VALUE"""),"OEPS010031") -> OEPS010031 | C41: =IFERROR(__xludf.DUMMYFUNCTION("""COMPUTED_VALUE"""),"SMD") -> SMD | D41: =IFERROR(__xludf.DUMMYFUNCTION("""COMPUTED_VALUE"""),"CC0201KRX5R8BB473") -> CC0201KRX5R8BB473 | E41: =IFERROR(__xludf.DUMMYFUNCTION("""COMPUTED_VALUE"""),30.0) -> 30 | F41: =IFERROR(__xludf.DUMMYFUNCTION("""COMPUTED_VALUE"""),"DigiKey") -> DigiKey | G41: =IFERROR(__xludf.DUMMYFUNCTION("""COMPUTED_VALUE"""),"13-CC0201KRX5R8BB473DKR-ND") -> 13-CC0201KRX5R8BB473DKR-ND | N41: =IFERROR(__xludf.DUMMYFUNCTION("""COMPUTED_VALUE"""),"OEPS A35 048") -> OEPS A35 048 | O41: =IFERROR(__xludf.DUMMYFUNCTION("""COMPUTED_VALUE"""),"BSE-040-01-L-D-A") -> BSE-040-01-L-D-A | P41: =IFERROR(__xludf.DUMMYFUNCTION("""COMPUTED_VALUE"""),"2 4(Tp) ") -> 2 4(Tp) | Q41: =IFERROR(__xludf.DUMMYFUNCTION("""COMPUTED_VALUE"""),6.0) -> 6 | R41: =IFERROR(__xludf.DUMMYFUNCTION("""COMPUTED_VALUE"""),2.0) -> 2 | S41: =IFERROR(__xludf.DUMMYFUNCTION("""COMPUTED_VALUE"""),"Bag") -> Bag | T41: =IFERROR(__xludf.DUMMYFUNCTION("""COMPUTED_VALUE"""),"0522") -> 0522 | U41: =IFERROR(__xludf.DUMMYFUNCTION("""COMPUTED_VALUE"""),4.0) -> 4 | V41: =IFERROR(__xludf.DUMMYFUNCTION("""COMPUTED_VALUE"""),"Tape") -> Tape | W41: =IFERROR(__xludf.DUMMYFUNCTION("""COMPUTED_VALUE"""),"XXXX") -> XXXX
A42: =IFERROR(__xludf.DUMMYFUNCTION("""COMPUTED_VALUE"""),"CAPACITOR: SMD CER 0402 1.8nF 50V ±5% X7R [C0402C182J5RACTU] [SMD]") -> CAPACITOR: SMD CER 0402 1.8nF 50V ±5% X7R [C0402C182J5RACTU] [SMD] | B42: =IFERROR(__xludf.DUMMYFUNCTION("""COMPUTED_VALUE"""),"OEPS010090") -> OEPS010090 | C42: =IFERROR(__xludf.DUMMYFUNCTION("""COMPUTED_VALUE"""),"SMD") -> SMD | D42: =IFERROR(__xludf.DUMMYFUNCTION("""COMPUTED_VALUE"""),"C0402C182J5RACTU") -> C0402C182J5RACTU | E42: =IFERROR(__xludf.DUMMYFUNCTION("""COMPUTED_VALUE"""),30.0) -> 30 | F42: =IFERROR(__xludf.DUMMYFUNCTION("""COMPUTED_VALUE"""),"Digikey") -> Digikey | G42: =IFERROR(__xludf.DUMMYFUNCTION("""COMPUTED_VALUE"""),"399-C0402C182J5RACTUDKR-ND") -> 399-C0402C182J5RACTUDKR-ND | N42: =IFERROR(__xludf.DUMMYFUNCTION("""COMPUTED_VALUE"""),"OEPS A35 049") -> OEPS A35 049 | O42: =IFERROR(__xludf.DUMMYFUNCTION("""COMPUTED_VALUE"""),"PH1RB-06-UA") -> PH1RB-06-UA
A43: =IFERROR(__xludf.DUMMYFUNCTION("""COMPUTED_VALUE"""),"CAPACITOR: SMD CER 0402 100nF 25V ±10% X7R [GRM155R71E104KE14D] [SMD]") -> CAPACITOR: SMD CER 0402 100nF 25V ±10% X7R [GRM155R71E104KE14D] [SMD] | B43: =IFERROR(__xludf.DUMMYFUNCTION("""COMPUTED_VALUE"""),"OEPS010004") -> OEPS010004 | C43: =IFERROR(__xludf.DUMMYFUNCTION("""COMPUTED_VALUE"""),"SMD") -> SMD | D43: =IFERROR(__xludf.DUMMYFUNCTION("""COMPUTED_VALUE"""),"GRM155R71E104KE14D") -> GRM155R71E104KE14D | E43: =IFERROR(__xludf.DUMMYFUNCTION("""COMPUTED_VALUE"""),30.0) -> 30 | F43: =IFERROR(__xludf.DUMMYFUNCTION("""COMPUTED_VALUE"""),"DigiKey") -> DigiKey | G43: =IFERROR(__xludf.DUMMYFUNCTION("""COMPUTED_VALUE"""),"490-10698-6-ND") -> 490-10698-6-ND | N43: =IFERROR(__xludf.DUMMYFUNCTION("""COMPUTED_VALUE"""),"OEPS A35 050") -> OEPS A35 050 | O43: =IFERROR(__xludf.DUMMYFUNCTION("""COMPUTED_VALUE"""),"ZX360D-B-10P(30)") -> ZX360D-B-10P(30) | P43: =IFERROR(__xludf.DUMMYFUNCTION("""COMPUTED_VALUE"""),"7 ") -> 7 | Q43: =IFERROR(__xludf.DUMMYFUNCTION("""COMPUTED_VALUE"""),7.0) -> 7 | R43: =IFERROR(__xludf.DUMMYFUNCTION("""COMPUTED_VALUE"""),7.0) -> 7 | S43: =IFERROR(__xludf.DUMMYFUNCTION("""COMPUTED_VALUE"""),"Bag") -> Bag | T43: =IFERROR(__xludf.DUMMYFUNCTION("""COMPUTED_VALUE"""),"XXXX") -> XXXX
A44: =IFERROR(__xludf.DUMMYFUNCTION("""COMPUTED_VALUE"""),"CAPACITOR: SMD CER 0402 100nF 25V ±10% X7R (OEPS H02 001) [C1005X7R1E104K050BB] [SMD]") -> CAPACITOR: SMD CER 0402 100nF 25V ±10% X7R (OEPS H02 001) [C1005X7R1E104K050BB] [SMD] | B44: =IFERROR(__xludf.DUMMYFUNCTION("""COMPUTED_VALUE"""),"OEPS010050") -> OEPS010050 | C44: =IFERROR(__xludf.DUMMYFUNCTION("""COMPUTED_VALUE"""),"SMD") -> SMD | D44: =IFERROR(__xludf.DUMMYFUNCTION("""COMPUTED_VALUE"""),"C1005X7R1E104K050BB") -> C1005X7R1E104K050BB | E44: =IFERROR(__xludf.DUMMYFUNCTION("""COMPUTED_VALUE"""),30.0) -> 30 | F44: =IFERROR(__xludf.DUMMYFUNCTION("""COMPUTED_VALUE"""),"DigiKey") -> DigiKey | G44: =IFERROR(__xludf.DUMMYFUNCTION("""COMPUTED_VALUE"""),"445-7348-6-ND") -> 445-7348-6-ND | N44: =IFERROR(__xludf.DUMMYFUNCTION("""COMPUTED_VALUE"""),"OEPS A35 051") -> OEPS A35 051 | O44: =IFERROR(__xludf.DUMMYFUNCTION("""COMPUTED_VALUE"""),"PJ-102AH") -> PJ-102AH | P44: =IFERROR(__xludf.DUMMYFUNCTION("""COMPUTED_VALUE"""),"28 ") -> 28 | Q44: =IFERROR(__xludf.DUMMYFUNCTION("""COMPUTED_VALUE"""),28.0) -> 28 | R44: =IFERROR(__xludf.DUMMYFUNCTION("""COMPUTED_VALUE"""),28.0) -> 28 | S44: =IFERROR(__xludf.DUMMYFUNCTION("""COMPUTED_VALUE"""),"Bag") -> Bag | T44: =IFERROR(__xludf.DUMMYFUNCTION("""COMPUTED_VALUE"""),"XXXX") -> XXXX
A45: =IFERROR(__xludf.DUMMYFUNCTION("""COMPUTED_VALUE"""),"CAPACITOR: SMD CER 0402 100nF 35V ±10% X5R (OEPS H1 001) [C1005X5R1V104K050BB] [SMD]") -> CAPACITOR: SMD CER 0402 100nF 35V ±10% X5R (OEPS H1 001) [C1005X5R1V104K050BB] [SMD] | B45: =IFERROR(__xludf.DUMMYFUNCTION("""COMPUTED_VALUE"""),"OEPS010066") -> OEPS010066 | C45: =IFERROR(__xludf.DUMMYFUNCTION("""COMPUTED_VALUE"""),"SMD") -> SMD | D45: =IFERROR(__xludf.DUMMYFUNCTION("""COMPUTED_VALUE"""),"C1005X5R1V104K050BB") -> C1005X5R1V104K050BB | E45: =IFERROR(__xludf.DUMMYFUNCTION("""COMPUTED_VALUE"""),30.0) -> 30 | F45: =IFERROR(__xludf.DUMMYFUNCTION("""COMPUTED_VALUE"""),"DigiKey") -> DigiKey | G45: =IFERROR(__xludf.DUMMYFUNCTION("""COMPUTED_VALUE"""),"445-7384-6-ND") -> 445-7384-6-ND | N45: =IFERROR(__xludf.DUMMYFUNCTION("""COMPUTED_VALUE"""),"OEPS E02 001") -> OEPS E02 001 | O45: =IFERROR(__xludf.DUMMYFUNCTION("""COMPUTED_VALUE"""),"PPTC141LFBN-RC") -> PPTC141LFBN-RC
A46: =IFERROR(__xludf.DUMMYFUNCTION("""COMPUTED_VALUE"""),"CAPACITOR: SMD CER 0402 100nF 50V ±10% X7R [CGA2B3X7R1H104K050BB] [SMD]") -> CAPACITOR: SMD CER 0402 100nF 50V ±10% X7R [CGA2B3X7R1H104K050BB] [SMD] | B46: =IFERROR(__xludf.DUMMYFUNCTION("""COMPUTED_VALUE"""),"OEPS010016") -> OEPS010016 | C46: =IFERROR(__xludf.DUMMYFUNCTION("""COMPUTED_VALUE"""),"SMD") -> SMD | D46: =IFERROR(__xludf.DUMMYFUNCTION("""COMPUTED_VALUE"""),"CGA2B3X7R1H104K050BB") -> CGA2B3X7R1H104K050BB | E46: =IFERROR(__xludf.DUMMYFUNCTION("""COMPUTED_VALUE"""),30.0) -> 30 | F46: =IFERROR(__xludf.DUMMYFUNCTION("""COMPUTED_VALUE"""),"DigiKey") -> DigiKey | G46: =IFERROR(__xludf.DUMMYFUNCTION("""COMPUTED_VALUE"""),"445-6899-6-ND") -> 445-6899-6-ND | N46: =IFERROR(__xludf.DUMMYFUNCTION("""COMPUTED_VALUE"""),"OEPS E02 002") -> OEPS E02 002 | O46: =IFERROR(__xludf.DUMMYFUNCTION("""COMPUTED_VALUE"""),"PPPC072LFBN-RC") -> PPPC072LFBN-RC | P46: =IFERROR(__xludf.DUMMYFUNCTION("""COMPUTED_VALUE"""),"1 ") -> 1 | Q46: =IFERROR(__xludf.DUMMYFUNCTION("""COMPUTED_VALUE"""),1.0) -> 1 | R46: =IFERROR(__xludf.DUMMYFUNCTION("""COMPUTED_VALUE"""),1.0) -> 1 | S46: =IFERROR(__xludf.DUMMYFUNCTION("""COMPUTED_VALUE"""),"Bag") -> Bag | T46: =IFERROR(__xludf.DUMMYFUNCTION("""COMPUTED_VALUE"""),"0422") -> 0422
A47: =IFERROR(__xludf.DUMMYFUNCTION("""COMPUTED_VALUE"""),"CAPACITOR: SMD CER 0402 100pF 50V ±5% C0G [CC0402JRNPO9BN101] [SMD]") -> CAPACITOR: SMD CER 0402 100pF 50V ±5% C0G [CC0402JRNPO9BN101] [SMD] | B47: =IFERROR(__xludf.DUMMYFUNCTION("""COMPUTED_VALUE"""),"OEPS010089") -> OEPS010089 | C47: =IFERROR(__xludf.DUMMYFUNCTION("""COMPUTED_VALUE"""),"SMD") -> SMD | D47: =IFERROR(__xludf.DUMMYFUNCTION("""COMPUTED_VALUE"""),"CC0402JRNPO9BN101") -> CC0402JRNPO9BN101 | E47: =IFERROR(__xludf.DUMMYFUNCTION("""COMPUTED_VALUE"""),30.0) -> 30 | F47: =IFERROR(__xludf.DUMMYFUNCTION("""COMPUTED_VALUE"""),"Digikey") -> Digikey | G47: =IFERROR(__xludf.DUMMYFUNCTION("""COMPUTED_VALUE"""),"311-1024-6-ND") -> 311-1024-6-ND | N47: =IFERROR(__xludf.DUMMYFUNCTION("""COMPUTED_VALUE"""),"OEPS E02 003") -> OEPS E02 003 | O47: =IFERROR(__xludf.DUMMYFUNCTION("""COMPUTED_VALUE"""),"PPTC161LFBN-RC") -> PPTC161LFBN-RC | P47: =IFERROR(__xludf.DUMMYFUNCTION("""COMPUTED_VALUE"""),"17 ") -> 17 | Q47: =IFERROR(__xludf.DUMMYFUNCTION("""COMPUTED_VALUE"""),17.0) -> 17 | R47: =IFERROR(__xludf.DUMMYFUNCTION("""COMPUTED_VALUE"""),17.0) -> 17 | S47: =IFERROR(__xludf.DUMMYFUNCTION("""COMPUTED_VALUE"""),"Bag") -> Bag | T47: =IFERROR(__xludf.DUMMYFUNCTION("""COMPUTED_VALUE"""),"0624") -> 0624
A48: =IFERROR(__xludf.DUMMYFUNCTION("""COMPUTED_VALUE"""),"CAPACITOR: SMD CER 0402 10nF 25V ±10% X7R [GCM155R71E103KA37D] [SMD]") -> CAPACITOR: SMD CER 0402 10nF 25V ±10% X7R [GCM155R71E103KA37D] [SMD] | B48: =IFERROR(__xludf.DUMMYFUNCTION("""COMPUTED_VALUE"""),"OEPS010002") -> OEPS010002 | C48: =IFERROR(__xludf.DUMMYFUNCTION("""COMPUTED_VALUE"""),"SMD") -> SMD | D48: =IFERROR(__xludf.DUMMYFUNCTION("""COMPUTED_VALUE"""),"GCM155R71E103KA37D") -> GCM155R71E103KA37D | E48: =IFERROR(__xludf.DUMMYFUNCTION("""COMPUTED_VALUE"""),30.0) -> 30 | F48: =IFERROR(__xludf.DUMMYFUNCTION("""COMPUTED_VALUE"""),"DigiKey") -> DigiKey | G48: =IFERROR(__xludf.DUMMYFUNCTION("""COMPUTED_VALUE"""),"490-6043-6-ND") -> 490-6043-6-ND | N48: =IFERROR(__xludf.DUMMYFUNCTION("""COMPUTED_VALUE"""),"OEPS E02 004") -> OEPS E02 004 | O48: =IFERROR(__xludf.DUMMYFUNCTION("""COMPUTED_VALUE"""),"PPTC081LFBN-RC") -> PPTC081LFBN-RC
A49: =IFERROR(__xludf.DUMMYFUNCTION("""COMPUTED_VALUE"""),"CAPACITOR: SMD CER 0402 10nF 25V ±10% X7R (OEPS H1 002) [GRM155R71E103KA01D] [SMD]") -> CAPACITOR: SMD CER 0402 10nF 25V ±10% X7R (OEPS H1 002) [GRM155R71E103KA01D] [SMD] | B49: =IFERROR(__xludf.DUMMYFUNCTION("""COMPUTED_VALUE"""),"OEPS010067") -> OEPS010067 | C49: =IFERROR(__xludf.DUMMYFUNCTION("""COMPUTED_VALUE"""),"SMD") -> SMD | D49: =IFERROR(__xludf.DUMMYFUNCTION("""COMPUTED_VALUE"""),"GRM155R71E103KA01D") -> GRM155R71E103KA01D | E49: =IFERROR(__xludf.DUMMYFUNCTION("""COMPUTED_VALUE"""),30.0) -> 30 | F49: =IFERROR(__xludf.DUMMYFUNCTION("""COMPUTED_VALUE"""),"DigiKey") -> DigiKey | G49: =IFERROR(__xludf.DUMMYFUNCTION("""COMPUTED_VALUE"""),"490-1312-6-ND") -> 490-1312-6-ND | N49: =IFERROR(__xludf.DUMMYFUNCTION("""COMPUTED_VALUE"""),"OEPS E02 005") -> OEPS E02 005 | O49: =IFERROR(__xludf.DUMMYFUNCTION("""COMPUTED_VALUE"""),"OSTVN04A150") -> OSTVN04A150
A50: =IFERROR(__xludf.DUMMYFUNCTION("""COMPUTED_VALUE"""),"CAPACITOR: SMD CER 0402 10nF 50V ±10% X7R (OEPS H02 003) [GRM155R71H103KA88D] [SMD]") -> CAPACITOR: SMD CER 0402 10nF 50V ±10% X7R (OEPS H02 003) [GRM155R71H103KA88D] [SMD] | B50: =IFERROR(__xludf.DUMMYFUNCTION("""COMPUTED_VALUE"""),"OEPS010051") -> OEPS010051 | C50: =IFERROR(__xludf.DUMMYFUNCTION("""COMPUTED_VALUE"""),"SMD") -> SMD | D50: =IFERROR(__xludf.DUMMYFUNCTION("""COMPUTED_VALUE"""),"GRM155R71H103KA88D") -> GRM155R71H103KA88D | E50: =IFERROR(__xludf.DUMMYFUNCTION("""COMPUTED_VALUE"""),30.0) -> 30 | F50: =IFERROR(__xludf.DUMMYFUNCTION("""COMPUTED_VALUE"""),"DigiKey") -> DigiKey | G50: =IFERROR(__xludf.DUMMYFUNCTION("""COMPUTED_VALUE"""),"490-4516-6-ND") -> 490-4516-6-ND | N50: =IFERROR(__xludf.DUMMYFUNCTION("""COMPUTED_VALUE"""),"OEPS E02 006") -> OEPS E02 006 | O50: =IFERROR(__xludf.DUMMYFUNCTION("""COMPUTED_VALUE"""),"PJ-063AH") -> PJ-063AH
A51: =IFERROR(__xludf.DUMMYFUNCTION("""COMPUTED_VALUE"""),"CAPACITOR: SMD CER 0402 10uF 10V ±20% X5R (OEPS M01 014) [CL05A106MP5NUNC] [SMD]") -> CAPACITOR: SMD CER 0402 10uF 10V ±20% X5R (OEPS M01 014) [CL05A106MP5NUNC] [SMD] | B51: =IFERROR(__xludf.DUMMYFUNCTION("""COMPUTED_VALUE"""),"OEPS010038") -> OEPS010038 | C51: =IFERROR(__xludf.DUMMYFUNCTION("""COMPUTED_VALUE"""),"SMD") -> SMD | D51: =IFERROR(__xludf.DUMMYFUNCTION("""COMPUTED_VALUE"""),"CL05A106MP5NUNC") -> CL05A106MP5NUNC | E51: =IFERROR(__xludf.DUMMYFUNCTION("""COMPUTED_VALUE"""),30.0) -> 30 | F51: =IFERROR(__xludf.DUMMYFUNCTION("""COMPUTED_VALUE"""),"DigiKey") -> DigiKey | G51: =IFERROR(__xludf.DUMMYFUNCTION("""COMPUTED_VALUE"""),"1276-1450-6-ND") -> 1276-1450-6-ND | N51: =IFERROR(__xludf.DUMMYFUNCTION("""COMPUTED_VALUE"""),"OEPS E02 007") -> OEPS E02 007 | O51: =IFERROR(__xludf.DUMMYFUNCTION("""COMPUTED_VALUE"""),"06035C103KAT2A") -> 06035C103KAT2A | P51: =IFERROR(__xludf.DUMMYFUNCTION("""COMPUTED_VALUE"""),"12(Tp) ") -> 12(Tp) | Q51: =IFERROR(__xludf.DUMMYFUNCTION("""COMPUTED_VALUE"""),12.0) -> 12 | R51: =IFERROR(__xludf.DUMMYFUNCTION("""COMPUTED_VALUE"""),12.0) -> 12 | S51: =IFERROR(__xludf.DUMMYFUNCTION("""COMPUTED_VALUE"""),"Tape") -> Tape | T51: =IFERROR(__xludf.DUMMYFUNCTION("""COMPUTED_VALUE"""),"0624") -> 0624
A52: =IFERROR(__xludf.DUMMYFUNCTION("""COMPUTED_VALUE"""),"CAPACITOR: SMD CER 0402 10uF 6.3V ±20% X5R (OEPS J05 007A) [CL05A106MQ5NUNC] [SMD]") -> CAPACITOR: SMD CER 0402 10uF 6.3V ±20% X5R (OEPS J05 007A) [CL05A106MQ5NUNC] [SMD] | B52: =IFERROR(__xludf.DUMMYFUNCTION("""COMPUTED_VALUE"""),"OEPS010045") -> OEPS010045 | C52: =IFERROR(__xludf.DUMMYFUNCTION("""COMPUTED_VALUE"""),"SMD") -> SMD | D52: =IFERROR(__xludf.DUMMYFUNCTION("""COMPUTED_VALUE"""),"CL05A106MQ5NUNC") -> CL05A106MQ5NUNC | E52: =IFERROR(__xludf.DUMMYFUNCTION("""COMPUTED_VALUE"""),30.0) -> 30 | F52: =IFERROR(__xludf.DUMMYFUNCTION("""COMPUTED_VALUE"""),"DigiKey") -> DigiKey | G52: =IFERROR(__xludf.DUMMYFUNCTION("""COMPUTED_VALUE"""),"1276-1451-6-ND") -> 1276-1451-6-ND | N52: =IFERROR(__xludf.DUMMYFUNCTION("""COMPUTED_VALUE"""),"OEPS E02 008A") -> OEPS E02 008A | O52: =IFERROR(__xludf.DUMMYFUNCTION("""COMPUTED_VALUE"""),"478-10073-1-ND") -> 478-10073-1-ND | P52: =IFERROR(__xludf.DUMMYFUNCTION("""COMPUTED_VALUE"""),"45(Tp) ") -> 45(Tp) | Q52: =IFERROR(__xludf.DUMMYFUNCTION("""COMPUTED_VALUE"""),45.0) -> 45 | R52: =IFERROR(__xludf.DUMMYFUNCTION("""COMPUTED_VALUE"""),45.0) -> 45 | S52: =IFERROR(__xludf.DUMMYFUNCTION("""COMPUTED_VALUE"""),"Tape") -> Tape | T52: =IFERROR(__xludf.DUMMYFUNCTION("""COMPUTED_VALUE"""),"0624") -> 0624
A53: =IFERROR(__xludf.DUMMYFUNCTION("""COMPUTED_VALUE"""),"CAPACITOR: SMD CER 0402 12pF 50V ±5% COG/NP0 [GRM1555C1H120JA01D] [SMD]") -> CAPACITOR: SMD CER 0402 12pF 50V ±5% COG/NP0 [GRM1555C1H120JA01D] [SMD] | B53: =IFERROR(__xludf.DUMMYFUNCTION("""COMPUTED_VALUE"""),"OEPS010086") -> OEPS010086 | C53: =IFERROR(__xludf.DUMMYFUNCTION("""COMPUTED_VALUE"""),"SMD") -> SMD | D53: =IFERROR(__xludf.DUMMYFUNCTION("""COMPUTED_VALUE"""),"GRM1555C1H120JA01D") -> GRM1555C1H120JA01D | E53: =IFERROR(__xludf.DUMMYFUNCTION("""COMPUTED_VALUE"""),30.0) -> 30 | F53: =IFERROR(__xludf.DUMMYFUNCTION("""COMPUTED_VALUE"""),"Digikey") -> Digikey | G53: =IFERROR(__xludf.DUMMYFUNCTION("""COMPUTED_VALUE"""),"490-5924-6-ND") -> 490-5924-6-ND | N53: =IFERROR(__xludf.DUMMYFUNCTION("""COMPUTED_VALUE"""),"OEPS E02 009") -> OEPS E02 009 | O53: =IFERROR(__xludf.DUMMYFUNCTION("""COMPUTED_VALUE"""),"T491D156K035AT") -> T491D156K035AT
A54: =IFERROR(__xludf.DUMMYFUNCTION("""COMPUTED_VALUE"""),"CAPACITOR: SMD CER 0402 15nF 35V ±10% X7R [CGA2B3X7R1V153K050BB] [SMD]") -> CAPACITOR: SMD CER 0402 15nF 35V ±10% X7R [CGA2B3X7R1V153K050BB] [SMD] | B54: =IFERROR(__xludf.DUMMYFUNCTION("""COMPUTED_VALUE"""),"OEPS010023") -> OEPS010023 | C54: =IFERROR(__xludf.DUMMYFUNCTION("""COMPUTED_VALUE"""),"SMD") -> SMD | D54: =IFERROR(__xludf.DUMMYFUNCTION("""COMPUTED_VALUE"""),"CGA2B3X7R1V153K050BB") -> CGA2B3X7R1V153K050BB | E54: =IFERROR(__xludf.DUMMYFUNCTION("""COMPUTED_VALUE"""),30.0) -> 30 | F54: =IFERROR(__xludf.DUMMYFUNCTION("""COMPUTED_VALUE"""),"DigiKey") -> DigiKey | G54: =IFERROR(__xludf.DUMMYFUNCTION("""COMPUTED_VALUE"""),"445-12254-6-ND") -> 445-12254-6-ND | N54: =IFERROR(__xludf.DUMMYFUNCTION("""COMPUTED_VALUE"""),"OEPS E02 010") -> OEPS E02 010 | O54: =IFERROR(__xludf.DUMMYFUNCTION("""COMPUTED_VALUE"""),"T491D227M010AT") -> T491D227M010AT
A55: =IFERROR(__xludf.DUMMYFUNCTION("""COMPUTED_VALUE"""),"CAPACITOR: SMD CER 0402 1nF 50V ±5% X7R [C0402C102J5RACTU] [SMD]") -> CAPACITOR: SMD CER 0402 1nF 50V ±5% X7R [C0402C102J5RACTU] [SMD] | B55: =IFERROR(__xludf.DUMMYFUNCTION("""COMPUTED_VALUE"""),"OEPS010079") -> OEPS010079 | C55: =IFERROR(__xludf.DUMMYFUNCTION("""COMPUTED_VALUE"""),"SMD") -> SMD | D55: =IFERROR(__xludf.DUMMYFUNCTION("""COMPUTED_VALUE"""),"C0402C102J5RACTU") -> C0402C102J5RACTU | E55: =IFERROR(__xludf.DUMMYFUNCTION("""COMPUTED_VALUE"""),30.0) -> 30 | F55: =IFERROR(__xludf.DUMMYFUNCTION("""COMPUTED_VALUE"""),"Digikey") -> Digikey | G55: =IFERROR(__xludf.DUMMYFUNCTION("""COMPUTED_VALUE"""),"399-C0402C102J5RACTUDKR-ND") -> 399-C0402C102J5RACTUDKR-ND | N55: =IFERROR(__xludf.DUMMYFUNCTION("""COMPUTED_VALUE"""),"OEPS E02 011") -> OEPS E02 011 | O55: =IFERROR(__xludf.DUMMYFUNCTION("""COMPUTED_VALUE"""),"RC0603FR-07470RL") -> RC0603FR-07470RL | P55: =IFERROR(__xludf.DUMMYFUNCTION("""COMPUTED_VALUE"""),"34(R) ") -> 34(R) | Q55: =IFERROR(__xludf.DUMMYFUNCTION("""COMPUTED_VALUE"""),34.0) -> 34 | R55: =IFERROR(__xludf.DUMMYFUNCTION("""COMPUTED_VALUE"""),34.0) -> 34 | S55: =IFERROR(__xludf.DUMMYFUNCTION("""COMPUTED_VALUE"""),"Reel") -> Reel | T55: =IFERROR(__xludf.DUMMYFUNCTION("""COMPUTED_VALUE"""),"0422") -> 0422
A56: =IFERROR(__xludf.DUMMYFUNCTION("""COMPUTED_VALUE"""),"CAPACITOR: SMD CER 0402 1uF 25V ±10% X5R [C1005X5R1E105K050BC] [SMD]") -> CAPACITOR: SMD CER 0402 1uF 25V ±10% X5R [C1005X5R1E105K050BC] [SMD] | B56: =IFERROR(__xludf.DUMMYFUNCTION("""COMPUTED_VALUE"""),"OEPS010030") -> OEPS010030 | C56: =IFERROR(__xludf.DUMMYFUNCTION("""COMPUTED_VALUE"""),"SMD") -> SMD | D56: =IFERROR(__xludf.DUMMYFUNCTION("""COMPUTED_VALUE"""),"C1005X5R1E105K050BC") -> C1005X5R1E105K050BC | E56: =IFERROR(__xludf.DUMMYFUNCTION("""COMPUTED_VALUE"""),30.0) -> 30 | F56: =IFERROR(__xludf.DUMMYFUNCTION("""COMPUTED_VALUE"""),"DigiKey") -> DigiKey | G56: =IFERROR(__xludf.DUMMYFUNCTION("""COMPUTED_VALUE"""),"445-9066-6-ND") -> 445-9066-6-ND | N56: =IFERROR(__xludf.DUMMYFUNCTION("""COMPUTED_VALUE"""),"OEPS E02 012") -> OEPS E02 012 | O56: =IFERROR(__xludf.DUMMYFUNCTION("""COMPUTED_VALUE"""),"RC0603FR-074K7L") -> RC0603FR-074K7L
A57: =IFERROR(__xludf.DUMMYFUNCTION("""COMPUTED_VALUE"""),"CAPACITOR: SMD CER 0402 2.2uF 10V ±10% X7R [GRM155Z71A225KE44D] [SMD]") -> CAPACITOR: SMD CER 0402 2.2uF 10V ±10% X7R [GRM155Z71A225KE44D] [SMD] | B57: =IFERROR(__xludf.DUMMYFUNCTION("""COMPUTED_VALUE"""),"OEPS010055") -> OEPS010055 | C57: =IFERROR(__xludf.DUMMYFUNCTION("""COMPUTED_VALUE"""),"SMD") -> SMD | D57: =IFERROR(__xludf.DUMMYFUNCTION("""COMPUTED_VALUE"""),"GRM155Z71A225KE44D") -> GRM155Z71A225KE44D | E57: =IFERROR(__xludf.DUMMYFUNCTION("""COMPUTED_VALUE"""),30.0) -> 30 | F57: =IFERROR(__xludf.DUMMYFUNCTION("""COMPUTED_VALUE"""),"DigiKey") -> DigiKey | G57: =IFERROR(__xludf.DUMMYFUNCTION("""COMPUTED_VALUE"""),"490-GRM155Z71A225KE44DDKR-ND") -> 490-GRM155Z71A225KE44DDKR-ND | N57: =IFERROR(__xludf.DUMMYFUNCTION("""COMPUTED_VALUE"""),"OEPS E02 013") -> OEPS E02 013 | O57: =IFERROR(__xludf.DUMMYFUNCTION("""COMPUTED_VALUE"""),"RC0603FR-0710KL") -> RC0603FR-0710KL
A58: =IFERROR(__xludf.DUMMYFUNCTION("""COMPUTED_VALUE"""),"CAPACITOR: SMD CER 0402 2.2uF 25V ±20% X5R [GRM155R61E225ME11D] [SMD]") -> CAPACITOR: SMD CER 0402 2.2uF 25V ±20% X5R [GRM155R61E225ME11D] [SMD] | B58: =IFERROR(__xludf.DUMMYFUNCTION("""COMPUTED_VALUE"""),"OEPS010062") -> OEPS010062 | C58: =IFERROR(__xludf.DUMMYFUNCTION("""COMPUTED_VALUE"""),"SMD") -> SMD | D58: =IFERROR(__xludf.DUMMYFUNCTION("""COMPUTED_VALUE"""),"GRM155R61E225ME11D") -> GRM155R61E225ME11D | E58: =IFERROR(__xludf.DUMMYFUNCTION("""COMPUTED_VALUE"""),30.0) -> 30 | F58: =IFERROR(__xludf.DUMMYFUNCTION("""COMPUTED_VALUE"""),"DigiKey") -> DigiKey | G58: =IFERROR(__xludf.DUMMYFUNCTION("""COMPUTED_VALUE"""),"490-12704-6-ND") -> 490-12704-6-ND | N58: =IFERROR(__xludf.DUMMYFUNCTION("""COMPUTED_VALUE"""),"OEPS E02 014") -> OEPS E02 014 | O58: =IFERROR(__xludf.DUMMYFUNCTION("""COMPUTED_VALUE"""),"SM-42TX203") -> SM-42TX203
A59: =IFERROR(__xludf.DUMMYFUNCTION("""COMPUTED_VALUE"""),"CAPACITOR: SMD CER 0402 220nF 50V ±10% X5R [UMK105BJ224KV-F] [SMD]") -> CAPACITOR: SMD CER 0402 220nF 50V ±10% X5R [UMK105BJ224KV-F] [SMD] | B59: =IFERROR(__xludf.DUMMYFUNCTION("""COMPUTED_VALUE"""),"OEPS010085") -> OEPS010085 | C59: =IFERROR(__xludf.DUMMYFUNCTION("""COMPUTED_VALUE"""),"SMD") -> SMD | D59: =IFERROR(__xludf.DUMMYFUNCTION("""COMPUTED_VALUE"""),"UMK105BJ224KV-F") -> UMK105BJ224KV-F | E59: =IFERROR(__xludf.DUMMYFUNCTION("""COMPUTED_VALUE"""),30.0) -> 30 | F59: =IFERROR(__xludf.DUMMYFUNCTION("""COMPUTED_VALUE"""),"Digikey") -> Digikey | G59: =IFERROR(__xludf.DUMMYFUNCTION("""COMPUTED_VALUE"""),"587-3500-6-ND") -> 587-3500-6-ND | N59: =IFERROR(__xludf.DUMMYFUNCTION("""COMPUTED_VALUE"""),"OEPS E02 015") -> OEPS E02 015 | O59: =IFERROR(__xludf.DUMMYFUNCTION("""COMPUTED_VALUE"""),"DR125-680-R") -> DR125-680-R | P59: =IFERROR(__xludf.DUMMYFUNCTION("""COMPUTED_VALUE"""),"2 ") -> 2 | Q59: =IFERROR(__xludf.DUMMYFUNCTION("""COMPUTED_VALUE"""),2.0) -> 2 | R59: =IFERROR(__xludf.DUMMYFUNCTION("""COMPUTED_VALUE"""),2.0) -> 2 | S59: =IFERROR(__xludf.DUMMYFUNCTION("""COMPUTED_VALUE"""),"Bag") -> Bag | T59: =IFERROR(__xludf.DUMMYFUNCTION("""COMPUTED_VALUE"""),"0422") -> 0422
A60: =IFERROR(__xludf.DUMMYFUNCTION("""COMPUTED_VALUE"""),"CAPACITOR: SMD CER 0402 22nF 50V ±10% X7R [GRM155R71H223KA12D] [SMD]") -> CAPACITOR: SMD CER 0402 22nF 50V ±10% X7R [GRM155R71H223KA12D] [SMD] | B60: =IFERROR(__xludf.DUMMYFUNCTION("""COMPUTED_VALUE"""),"OEPS010034") -> OEPS010034 | C60: =IFERROR(__xludf.DUMMYFUNCTION("""COMPUTED_VALUE"""),"SMD") -> SMD | D60: =IFERROR(__xludf.DUMMYFUNCTION("""COMPUTED_VALUE"""),"GRM155R71H223KA12D") -> GRM155R71H223KA12D | E60: =IFERROR(__xludf.DUMMYFUNCTION("""COMPUTED_VALUE"""),30.0) -> 30 | F60: =IFERROR(__xludf.DUMMYFUNCTION("""COMPUTED_VALUE"""),"DigiKey") -> DigiKey | G60: =IFERROR(__xludf.DUMMYFUNCTION("""COMPUTED_VALUE"""),"490-3884-6-ND") -> 490-3884-6-ND | N60: =IFERROR(__xludf.DUMMYFUNCTION("""COMPUTED_VALUE"""),"OEPS E02 016") -> OEPS E02 016 | O60: =IFERROR(__xludf.DUMMYFUNCTION("""COMPUTED_VALUE"""),"NRVTS260ESFT1G") -> NRVTS260ESFT1G | P60: =IFERROR(__xludf.DUMMYFUNCTION("""COMPUTED_VALUE"""),"85(R) ") -> 85(R) | Q60: =IFERROR(__xludf.DUMMYFUNCTION("""COMPUTED_VALUE"""),85.0) -> 85 | R60: =IFERROR(__xludf.DUMMYFUNCTION("""COMPUTED_VALUE"""),85.0) -> 85 | S60: =IFERROR(__xludf.DUMMYFUNCTION("""COMPUTED_VALUE"""),"Reel") -> Reel | T60: =IFERROR(__xludf.DUMMYFUNCTION("""COMPUTED_VALUE"""),"XXXX") -> XXXX
A61: =IFERROR(__xludf.DUMMYFUNCTION("""COMPUTED_VALUE"""),"CAPACITOR: SMD CER 0402 22pF 50V ±5% C0G/NP0 [CL05C220JB51PNC] [SMD]") -> CAPACITOR: SMD CER 0402 22pF 50V ±5% C0G/NP0 [CL05C220JB51PNC] [SMD] | B61: =IFERROR(__xludf.DUMMYFUNCTION("""COMPUTED_VALUE"""),"OEPS010080") -> OEPS010080 | C61: =IFERROR(__xludf.DUMMYFUNCTION("""COMPUTED_VALUE"""),"SMD") -> SMD | D61: =IFERROR(__xludf.DUMMYFUNCTION("""COMPUTED_VALUE"""),"CL05C220JB51PNC") -> CL05C220JB51PNC | E61: =IFERROR(__xludf.DUMMYFUNCTION("""COMPUTED_VALUE"""),30.0) -> 30 | F61: =IFERROR(__xludf.DUMMYFUNCTION("""COMPUTED_VALUE"""),"Digikey") -> Digikey | G61: =IFERROR(__xludf.DUMMYFUNCTION("""COMPUTED_VALUE"""),"1276-6849-6-ND") -> 1276-6849-6-ND | N61: =IFERROR(__xludf.DUMMYFUNCTION("""COMPUTED_VALUE"""),"OEPS E02 017") -> OEPS E02 017 | O61: =IFERROR(__xludf.DUMMYFUNCTION("""COMPUTED_VALUE"""),"IS31FL3193-DLS2-TR") -> IS31FL3193-DLS2-TR
A62: =IFERROR(__xludf.DUMMYFUNCTION("""COMPUTED_VALUE"""),"CAPACITOR: SMD CER 0402 22uF 10V ±20% X5R [GMC04X5R226M10NT] [SMD]") -> CAPACITOR: SMD CER 0402 22uF 10V ±20% X5R [GMC04X5R226M10NT] [SMD] | B62: =IFERROR(__xludf.DUMMYFUNCTION("""COMPUTED_VALUE"""),"OEPS010100") -> OEPS010100 | C62: =IFERROR(__xludf.DUMMYFUNCTION("""COMPUTED_VALUE"""),"SMD") -> SMD | D62: =IFERROR(__xludf.DUMMYFUNCTION("""COMPUTED_VALUE"""),"GMC04X5R226M10NT") -> GMC04X5R226M10NT | E62: =IFERROR(__xludf.DUMMYFUNCTION("""COMPUTED_VALUE"""),30.0) -> 30 | F62: =IFERROR(__xludf.DUMMYFUNCTION("""COMPUTED_VALUE"""),"Digikey") -> Digikey | G62: =IFERROR(__xludf.DUMMYFUNCTION("""COMPUTED_VALUE"""),"4713-GMC04X5R226M10NTDKR-ND") -> 4713-GMC04X5R226M10NTDKR-ND | N62: =IFERROR(__xludf.DUMMYFUNCTION("""COMPUTED_VALUE"""),"OEPS E02 018") -> OEPS E02 018 | O62: =IFERROR(__xludf.DUMMYFUNCTION("""COMPUTED_VALUE"""),"MAX6816EUS+T") -> MAX6816EUS+T | P62: =IFERROR(__xludf.DUMMYFUNCTION("""COMPUTED_VALUE"""),"6(Tp) ") -> 6(Tp) | Q62: =IFERROR(__xludf.DUMMYFUNCTION("""COMPUTED_VALUE"""),6.0) -> 6 | R62: =IFERROR(__xludf.DUMMYFUNCTION("""COMPUTED_VALUE"""),6.0) -> 6 | S62: =IFERROR(__xludf.DUMMYFUNCTION("""COMPUTED_VALUE"""),"Tape") -> Tape | T62: =IFERROR(__xludf.DUMMYFUNCTION("""COMPUTED_VALUE"""),"XXXX") -> XXXX
A63: =IFERROR(__xludf.DUMMYFUNCTION("""COMPUTED_VALUE"""),"CAPACITOR: SMD CER 0402 27nF 16V ±10% X7R [C0402C273K4RACTU] [SMD]") -> CAPACITOR: SMD CER 0402 27nF 16V ±10% X7R [C0402C273K4RACTU] [SMD] | B63: =IFERROR(__xludf.DUMMYFUNCTION("""COMPUTED_VALUE"""),"OEPS010068") -> OEPS010068 | C63: =IFERROR(__xludf.DUMMYFUNCTION("""COMPUTED_VALUE"""),"SMD") -> SMD | D63: =IFERROR(__xludf.DUMMYFUNCTION("""COMPUTED_VALUE"""),"C0402C273K4RACTU") -> C0402C273K4RACTU | E63: =IFERROR(__xludf.DUMMYFUNCTION("""COMPUTED_VALUE"""),30.0) -> 30 | F63: =IFERROR(__xludf.DUMMYFUNCTION("""COMPUTED_VALUE"""),"DigiKey") -> DigiKey | G63: =IFERROR(__xludf.DUMMYFUNCTION("""COMPUTED_VALUE"""),"399-C0402C273K4RACTUDKR-ND") -> 399-C0402C273K4RACTUDKR-ND | N63: =IFERROR(__xludf.DUMMYFUNCTION("""COMPUTED_VALUE"""),"OEPS E02 019") -> OEPS E02 019 | O63: =IFERROR(__xludf.DUMMYFUNCTION("""COMPUTED_VALUE"""),"MIC4680-5.0YM-TR") -> MIC4680-5.0YM-TR
A64: =IFERROR(__xludf.DUMMYFUNCTION("""COMPUTED_VALUE"""),"CAPACITOR: SMD CER 0402 330nF 10V ±10% X5R [GRM155R61A334KE15D] [SMD]") -> CAPACITOR: SMD CER 0402 330nF 10V ±10% X5R [GRM155R61A334KE15D] [SMD] | B64: =IFERROR(__xludf.DUMMYFUNCTION("""COMPUTED_VALUE"""),"OEPS010021") -> OEPS010021 | C64: =IFERROR(__xludf.DUMMYFUNCTION("""COMPUTED_VALUE"""),"SMD") -> SMD | D64: =IFERROR(__xludf.DUMMYFUNCTION("""COMPUTED_VALUE"""),"GRM155R61A334KE15D") -> GRM155R61A334KE15D | E64: =IFERROR(__xludf.DUMMYFUNCTION("""COMPUTED_VALUE"""),30.0) -> 30 | F64: =IFERROR(__xludf.DUMMYFUNCTION("""COMPUTED_VALUE"""),"DigiKey") -> DigiKey | G64: =IFERROR(__xludf.DUMMYFUNCTION("""COMPUTED_VALUE"""),"490-3263-6-ND") -> 490-3263-6-ND | N64: =IFERROR(__xludf.DUMMYFUNCTION("""COMPUTED_VALUE"""),"OEPS E02 020") -> OEPS E02 020 | O64: =IFERROR(__xludf.DUMMYFUNCTION("""COMPUTED_VALUE"""),"COM-15141") -> COM-15141
A65: =IFERROR(__xludf.DUMMYFUNCTION("""COMPUTED_VALUE"""),"CAPACITOR: SMD CER 0402 330pF 50V ±5% C0G [C0402C331J5GAC7867] [SMD]") -> CAPACITOR: SMD CER 0402 330pF 50V ±5% C0G [C0402C331J5GAC7867] [SMD] | B65: =IFERROR(__xludf.DUMMYFUNCTION("""COMPUTED_VALUE"""),"OEPS010020") -> OEPS010020 | C65: =IFERROR(__xludf.DUMMYFUNCTION("""COMPUTED_VALUE"""),"SMD") -> SMD | D65: =IFERROR(__xludf.DUMMYFUNCTION("""COMPUTED_VALUE"""),"C0402C331J5GAC7867") -> C0402C331J5GAC7867 | E65: =IFERROR(__xludf.DUMMYFUNCTION("""COMPUTED_VALUE"""),30.0) -> 30 | F65: =IFERROR(__xludf.DUMMYFUNCTION("""COMPUTED_VALUE"""),"DigiKey") -> DigiKey | G65: =IFERROR(__xludf.DUMMYFUNCTION("""COMPUTED_VALUE"""),"399-C0402C331J5GAC7867DKR-ND") -> 399-C0402C331J5GAC7867DKR-ND | N65: =IFERROR(__xludf.DUMMYFUNCTION("""COMPUTED_VALUE"""),"OEPS E02 022") -> OEPS E02 022 | O65: =IFERROR(__xludf.DUMMYFUNCTION("""COMPUTED_VALUE"""),"PPTC041LFBN-RC") -> PPTC041LFBN-RC | P65: =IFERROR(__xludf.DUMMYFUNCTION("""COMPUTED_VALUE"""),"92 ") -> 92 | Q65: =IFERROR(__xludf.DUMMYFUNCTION("""COMPUTED_VALUE"""),92.0) -> 92 | R65: =IFERROR(__xludf.DUMMYFUNCTION("""COMPUTED_VALUE"""),92.0) -> 92 | S65: =IFERROR(__xludf.DUMMYFUNCTION("""COMPUTED_VALUE"""),"Bag") -> Bag | T65: =IFERROR(__xludf.DUMMYFUNCTION("""COMPUTED_VALUE"""),"0422") -> 0422
A66: =IFERROR(__xludf.DUMMYFUNCTION("""COMPUTED_VALUE"""),"CAPACITOR: SMD CER 0402 4.7nF 100V ±10% X7R [885012205084] [SMD]") -> CAPACITOR: SMD CER 0402 4.7nF 100V ±10% X7R [885012205084] [SMD] | B66: =IFERROR(__xludf.DUMMYFUNCTION("""COMPUTED_VALUE"""),"OEPS010017") -> OEPS010017 | C66: =IFERROR(__xludf.DUMMYFUNCTION("""COMPUTED_VALUE"""),"SMD") -> SMD | D66: =IFERROR(__xludf.DUMMYFUNCTION("""COMPUTED_VALUE"""),"885012205084") -> 885012205084 | E66: =IFERROR(__xludf.DUMMYFUNCTION("""COMPUTED_VALUE"""),30.0) -> 30 | F66: =IFERROR(__xludf.DUMMYFUNCTION("""COMPUTED_VALUE"""),"DigiKey") -> DigiKey | G66: =IFERROR(__xludf.DUMMYFUNCTION("""COMPUTED_VALUE"""),"732-12234-6-ND") -> 732-12234-6-ND | N66: =IFERROR(__xludf.DUMMYFUNCTION("""COMPUTED_VALUE"""),"OEPS E02 023") -> OEPS E02 023 | O66: =IFERROR(__xludf.DUMMYFUNCTION("""COMPUTED_VALUE"""),"SAM12225-ND") -> SAM12225-ND | P66: =IFERROR(__xludf.DUMMYFUNCTION("""COMPUTED_VALUE"""),"12 ") -> 12 | Q66: =IFERROR(__xludf.DUMMYFUNCTION("""COMPUTED_VALUE"""),12.0) -> 12 | R66: =IFERROR(__xludf.DUMMYFUNCTION("""COMPUTED_VALUE"""),12.0) -> 12 | S66: =IFERROR(__xludf.DUMMYFUNCTION("""COMPUTED_VALUE"""),"Bag") -> Bag | T66: =IFERROR(__xludf.DUMMYFUNCTION("""COMPUTED_VALUE"""),"0421") -> 0421
A67: =IFERROR(__xludf.DUMMYFUNCTION("""COMPUTED_VALUE"""),"CAPACITOR: SMD CER 0402 4.7nF 25V ±10% X7R [CC0402KRX7R8BB472] [SMD]") -> CAPACITOR: SMD CER 0402 4.7nF 25V ±10% X7R [CC0402KRX7R8BB472] [SMD] | B67: =IFERROR(__xludf.DUMMYFUNCTION("""COMPUTED_VALUE"""),"OEPS010001") -> OEPS010001 | C67: =IFERROR(__xludf.DUMMYFUNCTION("""COMPUTED_VALUE"""),"SMD") -> SMD | D67: =IFERROR(__xludf.DUMMYFUNCTION("""COMPUTED_VALUE"""),"CC0402KRX7R8BB472") -> CC0402KRX7R8BB472 | E67: =IFERROR(__xludf.DUMMYFUNCTION("""COMPUTED_VALUE"""),30.0) -> 30 | F67: =IFERROR(__xludf.DUMMYFUNCTION("""COMPUTED_VALUE"""),"DigiKey") -> DigiKey | G67: =IFERROR(__xludf.DUMMYFUNCTION("""COMPUTED_VALUE"""),"311-1039-6-ND") -> 311-1039-6-ND | N67: =IFERROR(__xludf.DUMMYFUNCTION("""COMPUTED_VALUE"""),"OEPS E02 025") -> OEPS E02 025 | O67: =IFERROR(__xludf.DUMMYFUNCTION("""COMPUTED_VALUE"""),"COM-10597") -> COM-10597 | P67: =IFERROR(__xludf.DUMMYFUNCTION("""COMPUTED_VALUE"""),"15 ") -> 15 | Q67: =IFERROR(__xludf.DUMMYFUNCTION("""COMPUTED_VALUE"""),15.0) -> 15 | R67: =IFERROR(__xludf.DUMMYFUNCTION("""COMPUTED_VALUE"""),15.0) -> 15 | S67: =IFERROR(__xludf.DUMMYFUNCTION("""COMPUTED_VALUE"""),"Bag") -> Bag | T67: =IFERROR(__xludf.DUMMYFUNCTION("""COMPUTED_VALUE"""),"1224") -> 1224
A68: =IFERROR(__xludf.DUMMYFUNCTION("""COMPUTED_VALUE"""),"CAPACITOR: SMD CER 0402 4.7uF 10V ±20% X5R (OEPS H02 004) [GRM155R61A475MEAAD] [SMD]") -> CAPACITOR: SMD CER 0402 4.7uF 10V ±20% X5R (OEPS H02 004) [GRM155R61A475MEAAD] [SMD] | B68: =IFERROR(__xludf.DUMMYFUNCTION("""COMPUTED_VALUE"""),"OEPS010052") -> OEPS010052 | C68: =IFERROR(__xludf.DUMMYFUNCTION("""COMPUTED_VALUE"""),"SMD") -> SMD | D68: =IFERROR(__xludf.DUMMYFUNCTION("""COMPUTED_VALUE"""),"GRM155R61A475MEAAD") -> GRM155R61A475MEAAD | E68: =IFERROR(__xludf.DUMMYFUNCTION("""COMPUTED_VALUE"""),30.0) -> 30 | F68: =IFERROR(__xludf.DUMMYFUNCTION("""COMPUTED_VALUE"""),"DigiKey") -> DigiKey | G68: =IFERROR(__xludf.DUMMYFUNCTION("""COMPUTED_VALUE"""),"490-14306-6-ND") -> 490-14306-6-ND | N68: =IFERROR(__xludf.DUMMYFUNCTION("""COMPUTED_VALUE"""),"OEPS E02 026") -> OEPS E02 026 | O68: =IFERROR(__xludf.DUMMYFUNCTION("""COMPUTED_VALUE"""),"TMCSILENTSTEPSTICK") -> TMCSILENTSTEPSTICK
A69: =IFERROR(__xludf.DUMMYFUNCTION("""COMPUTED_VALUE"""),"CAPACITOR: SMD CER 0402 4.7uF 16V ±20% X5R [KGM05CR51C475MH] [SMD]") -> CAPACITOR: SMD CER 0402 4.7uF 16V ±20% X5R [KGM05CR51C475MH] [SMD] | B69: =IFERROR(__xludf.DUMMYFUNCTION("""COMPUTED_VALUE"""),"OEPS010097") -> OEPS010097 | C69: =IFERROR(__xludf.DUMMYFUNCTION("""COMPUTED_VALUE"""),"SMD") -> SMD | D69: =IFERROR(__xludf.DUMMYFUNCTION("""COMPUTED_VALUE"""),"KGM05CR51C475MH") -> KGM05CR51C475MH | E69: =IFERROR(__xludf.DUMMYFUNCTION("""COMPUTED_VALUE"""),30.0) -> 30 | F69: =IFERROR(__xludf.DUMMYFUNCTION("""COMPUTED_VALUE"""),"Digikey") -> Digikey | G69: =IFERROR(__xludf.DUMMYFUNCTION("""COMPUTED_VALUE"""),"478-KGM05CR51C475MHDKR-ND") -> 478-KGM05CR51C475MHDKR-ND | N69: =IFERROR(__xludf.DUMMYFUNCTION("""COMPUTED_VALUE"""),"OEPS E02 027") -> OEPS E02 027 | O69: =IFERROR(__xludf.DUMMYFUNCTION("""COMPUTED_VALUE"""),"61300811121") -> 61300811121 | P69: =IFERROR(__xludf.DUMMYFUNCTION("""COMPUTED_VALUE"""),"20 40 20 ") -> 20 40 20 | Q69: =IFERROR(__xludf.DUMMYFUNCTION("""COMPUTED_VALUE"""),80.0) -> 80 | R69: =IFERROR(__xludf.DUMMYFUNCTION("""COMPUTED_VALUE"""),20.0) -> 20 | S69: =IFERROR(__xludf.DUMMYFUNCTION("""COMPUTED_VALUE"""),"Bag") -> Bag | T69: =IFERROR(__xludf.DUMMYFUNCTION("""COMPUTED_VALUE"""),"0624") -> 0624 | U69: =IFERROR(__xludf.DUMMYFUNCTION("""COMPUTED_VALUE"""),40.0) -> 40 | V69: =IFERROR(__xludf.DUMMYFUNCTION("""COMPUTED_VALUE"""),"Bag") -> Bag | W69: =IFERROR(__xludf.DUMMYFUNCTION("""COMPUTED_VALUE"""),"0320") -> 0320 | X69: =IFERROR(__xludf.DUMMYFUNCTION("""COMPUTED_VALUE"""),20.0) -> 20 | Y69: =IFERROR(__xludf.DUMMYFUNCTION("""COMPUTED_VALUE"""),"Bag") -> Bag | Z69: =IFERROR(__xludf.DUMMYFUNCTION("""COMPUTED_VALUE"""),"1224") -> 1224
A70: =IFERROR(__xludf.DUMMYFUNCTION("""COMPUTED_VALUE"""),"CAPACITOR: SMD CER 0402 4.7uF 25V ±20% X5S [GRM155C61E475ME15J] [SMD]") -> CAPACITOR: SMD CER 0402 4.7uF 25V ±20% X5S [GRM155C61E475ME15J] [SMD] | B70: =IFERROR(__xludf.DUMMYFUNCTION("""COMPUTED_VALUE"""),"OEPS010061") -> OEPS010061 | C70: =IFERROR(__xludf.DUMMYFUNCTION("""COMPUTED_VALUE"""),"SMD") -> SMD | D70: =IFERROR(__xludf.DUMMYFUNCTION("""COMPUTED_VALUE"""),"GRM155C61E475ME15J") -> GRM155C61E475ME15J | E70: =IFERROR(__xludf.DUMMYFUNCTION("""COMPUTED_VALUE"""),30.0) -> 30 | F70: =IFERROR(__xludf.DUMMYFUNCTION("""COMPUTED_VALUE"""),"DigiKey") -> DigiKey | G70: =IFERROR(__xludf.DUMMYFUNCTION("""COMPUTED_VALUE"""),"490-GRM155C61E475ME15JDKR-ND") -> 490-GRM155C61E475ME15JDKR-ND | N70: =IFERROR(__xludf.DUMMYFUNCTION("""COMPUTED_VALUE"""),"OEPS E02 029") -> OEPS E02 029 | O70: =IFERROR(__xludf.DUMMYFUNCTION("""COMPUTED_VALUE"""),"61001421121") -> 61001421121
A71: =IFERROR(__xludf.DUMMYFUNCTION("""COMPUTED_VALUE"""),"CAPACITOR: SMD CER 0402 4.7uF 6.3V ±20% X5R (OEPS J05 008) [GRM155R60J475ME47D] [SMD]") -> CAPACITOR: SMD CER 0402 4.7uF 6.3V ±20% X5R (OEPS J05 008) [GRM155R60J475ME47D] [SMD] | B71: =IFERROR(__xludf.DUMMYFUNCTION("""COMPUTED_VALUE"""),"OEPS010046") -> OEPS010046 | C71: =IFERROR(__xludf.DUMMYFUNCTION("""COMPUTED_VALUE"""),"SMD") -> SMD | D71: =IFERROR(__xludf.DUMMYFUNCTION("""COMPUTED_VALUE"""),"GRM155R60J475ME47D") -> GRM155R60J475ME47D | E71: =IFERROR(__xludf.DUMMYFUNCTION("""COMPUTED_VALUE"""),30.0) -> 30 | F71: =IFERROR(__xludf.DUMMYFUNCTION("""COMPUTED_VALUE"""),"DigiKey") -> DigiKey | G71: =IFERROR(__xludf.DUMMYFUNCTION("""COMPUTED_VALUE"""),"490-5915-6-ND") -> 490-5915-6-ND | N71: =IFERROR(__xludf.DUMMYFUNCTION("""COMPUTED_VALUE"""),"OEPS E02 029A") -> OEPS E02 029A | O71: =IFERROR(__xludf.DUMMYFUNCTION("""COMPUTED_VALUE"""),"95278-101A14LF") -> 95278-101A14LF | P71: =IFERROR(__xludf.DUMMYFUNCTION("""COMPUTED_VALUE"""),"6(Tp) ") -> 6(Tp) | Q71: =IFERROR(__xludf.DUMMYFUNCTION("""COMPUTED_VALUE"""),6.0) -> 6 | R71: =IFERROR(__xludf.DUMMYFUNCTION("""COMPUTED_VALUE"""),6.0) -> 6 | S71: =IFERROR(__xludf.DUMMYFUNCTION("""COMPUTED_VALUE"""),"Tape") -> Tape | T71: =IFERROR(__xludf.DUMMYFUNCTION("""COMPUTED_VALUE"""),"0624") -> 0624
A72: =IFERROR(__xludf.DUMMYFUNCTION("""COMPUTED_VALUE"""),"CAPACITOR: SMD CER 0402 470nF 35V ±10% X5R [C1005X5R1V474K050BE] [SMD]") -> CAPACITOR: SMD CER 0402 470nF 35V ±10% X5R [C1005X5R1V474K050BE] [SMD] | B72: =IFERROR(__xludf.DUMMYFUNCTION("""COMPUTED_VALUE"""),"OEPS010059") -> OEPS010059 | C72: =IFERROR(__xludf.DUMMYFUNCTION("""COMPUTED_VALUE"""),"SMD") -> SMD | D72: =IFERROR(__xludf.DUMMYFUNCTION("""COMPUTED_VALUE"""),"C1005X5R1V474K050BE") -> C1005X5R1V474K050BE | E72: =IFERROR(__xludf.DUMMYFUNCTION("""COMPUTED_VALUE"""),30.0) -> 30 | F72: =IFERROR(__xludf.DUMMYFUNCTION("""COMPUTED_VALUE"""),"DigiKey") -> DigiKey | G72: =IFERROR(__xludf.DUMMYFUNCTION("""COMPUTED_VALUE"""),"445-175220-6-ND") -> 445-175220-6-ND | N72: =IFERROR(__xludf.DUMMYFUNCTION("""COMPUTED_VALUE"""),"OEPS E02 030") -> OEPS E02 030 | O72: =IFERROR(__xludf.DUMMYFUNCTION("""COMPUTED_VALUE"""),"61301411121") -> 61301411121
A73: =IFERROR(__xludf.DUMMYFUNCTION("""COMPUTED_VALUE"""),"CAPACITOR: SMD CER 0402 470pF 100V ±5% C0G [C1005C0G2A471J050BA] [SMD]") -> CAPACITOR: SMD CER 0402 470pF 100V ±5% C0G [C1005C0G2A471J050BA] [SMD] | B73: =IFERROR(__xludf.DUMMYFUNCTION("""COMPUTED_VALUE"""),"OEPS010053") -> OEPS010053 | C73: =IFERROR(__xludf.DUMMYFUNCTION("""COMPUTED_VALUE"""),"SMD") -> SMD | D73: =IFERROR(__xludf.DUMMYFUNCTION("""COMPUTED_VALUE"""),"C1005C0G2A471J050BA") -> C1005C0G2A471J050BA | E73: =IFERROR(__xludf.DUMMYFUNCTION("""COMPUTED_VALUE"""),30.0) -> 30 | F73: =IFERROR(__xludf.DUMMYFUNCTION("""COMPUTED_VALUE"""),"DigiKey") -> DigiKey | G73: =IFERROR(__xludf.DUMMYFUNCTION("""COMPUTED_VALUE"""),"445-15206-6-ND") -> 445-15206-6-ND | N73: =IFERROR(__xludf.DUMMYFUNCTION("""COMPUTED_VALUE"""),"OEPS E02 031") -> OEPS E02 031 | O73: =IFERROR(__xludf.DUMMYFUNCTION("""COMPUTED_VALUE"""),"LCD-00709") -> LCD-00709 | P73: =IFERROR(__xludf.DUMMYFUNCTION("""COMPUTED_VALUE"""),"9 ") -> 9 | Q73: =IFERROR(__xludf.DUMMYFUNCTION("""COMPUTED_VALUE"""),9.0) -> 9 | R73: =IFERROR(__xludf.DUMMYFUNCTION("""COMPUTED_VALUE"""),9.0) -> 9 | S73: =IFERROR(__xludf.DUMMYFUNCTION("""COMPUTED_VALUE"""),"Bag") -> Bag | T73: =IFERROR(__xludf.DUMMYFUNCTION("""COMPUTED_VALUE"""),"0724") -> 0724
A74: =IFERROR(__xludf.DUMMYFUNCTION("""COMPUTED_VALUE"""),"CAPACITOR: SMD CER 0402 470pF 50V ±5% C0G [C0402C471J5GAC7867] [SMD]") -> CAPACITOR: SMD CER 0402 470pF 50V ±5% C0G [C0402C471J5GAC7867] [SMD] | B74: =IFERROR(__xludf.DUMMYFUNCTION("""COMPUTED_VALUE"""),"OEPS010033") -> OEPS010033 | C74: =IFERROR(__xludf.DUMMYFUNCTION("""COMPUTED_VALUE"""),"SMD") -> SMD | D74: =IFERROR(__xludf.DUMMYFUNCTION("""COMPUTED_VALUE"""),"C0402C471J5GAC7867") -> C0402C471J5GAC7867 | E74: =IFERROR(__xludf.DUMMYFUNCTION("""COMPUTED_VALUE"""),30.0) -> 30 | F74: =IFERROR(__xludf.DUMMYFUNCTION("""COMPUTED_VALUE"""),"DigiKey") -> DigiKey | G74: =IFERROR(__xludf.DUMMYFUNCTION("""COMPUTED_VALUE"""),"399-C0402C471J5GAC7867DKR-ND") -> 399-C0402C471J5GAC7867DKR-ND | N74: =IFERROR(__xludf.DUMMYFUNCTION("""COMPUTED_VALUE"""),"OEPS E02 032") -> OEPS E02 032 | O74: =IFERROR(__xludf.DUMMYFUNCTION("""COMPUTED_VALUE"""),"61301611121") -> 61301611121
A75: =IFERROR(__xludf.DUMMYFUNCTION("""COMPUTED_VALUE"""),"CAPACITOR: SMD CER 0402 47nF 25V ±10% X7R [GRM155R71E473KA88D] [SMD]") -> CAPACITOR: SMD CER 0402 47nF 25V ±10% X7R [GRM155R71E473KA88D] [SMD] | B75: =IFERROR(__xludf.DUMMYFUNCTION("""COMPUTED_VALUE"""),"OEPS010003") -> OEPS010003 | C75: =IFERROR(__xludf.DUMMYFUNCTION("""COMPUTED_VALUE"""),"SMD") -> SMD | D75: =IFERROR(__xludf.DUMMYFUNCTION("""COMPUTED_VALUE"""),"GRM155R71E473KA88D") -> GRM155R71E473KA88D | E75: =IFERROR(__xludf.DUMMYFUNCTION("""COMPUTED_VALUE"""),30.0) -> 30 | F75: =IFERROR(__xludf.DUMMYFUNCTION("""COMPUTED_VALUE"""),"DigiKey") -> DigiKey | G75: =IFERROR(__xludf.DUMMYFUNCTION("""COMPUTED_VALUE"""),"490-3254-6-ND") -> 490-3254-6-ND | N75: =IFERROR(__xludf.DUMMYFUNCTION("""COMPUTED_VALUE"""),"OEPS E02 037") -> OEPS E02 037 | O75: =IFERROR(__xludf.DUMMYFUNCTION("""COMPUTED_VALUE"""),"3.06PRST30TC1D") -> 3.06PRST30TC1D
A76: =IFERROR(__xludf.DUMMYFUNCTION("""COMPUTED_VALUE"""),"CAPACITOR: SMD CER 0402 47nF 50V ±10% X7R [GRM155R71H473KE14D] [SMD]") -> CAPACITOR: SMD CER 0402 47nF 50V ±10% X7R [GRM155R71H473KE14D] [SMD] | B76: =IFERROR(__xludf.DUMMYFUNCTION("""COMPUTED_VALUE"""),"OEPS010063") -> OEPS010063 | C76: =IFERROR(__xludf.DUMMYFUNCTION("""COMPUTED_VALUE"""),"SMD") -> SMD | D76: =IFERROR(__xludf.DUMMYFUNCTION("""COMPUTED_VALUE"""),"GRM155R71H473KE14D") -> GRM155R71H473KE14D | E76: =IFERROR(__xludf.DUMMYFUNCTION("""COMPUTED_VALUE"""),30.0) -> 30 | F76: =IFERROR(__xludf.DUMMYFUNCTION("""COMPUTED_VALUE"""),"DigiKey") -> DigiKey | G76: =IFERROR(__xludf.DUMMYFUNCTION("""COMPUTED_VALUE"""),"490-10702-6-ND") -> 490-10702-6-ND | N76: =IFERROR(__xludf.DUMMYFUNCTION("""COMPUTED_VALUE"""),"OEPS F01 001") -> OEPS F01 001 | O76: =IFERROR(__xludf.DUMMYFUNCTION("""COMPUTED_VALUE"""),"JS102011SAQN") -> JS102011SAQN | P76: =IFERROR(__xludf.DUMMYFUNCTION("""COMPUTED_VALUE"""),"2(Tp) ") -> 2(Tp) | Q76: =IFERROR(__xludf.DUMMYFUNCTION("""COMPUTED_VALUE"""),2.0) -> 2 | R76: =IFERROR(__xludf.DUMMYFUNCTION("""COMPUTED_VALUE"""),2.0) -> 2 | S76: =IFERROR(__xludf.DUMMYFUNCTION("""COMPUTED_VALUE"""),"Tape") -> Tape | T76: =IFERROR(__xludf.DUMMYFUNCTION("""COMPUTED_VALUE"""),"N/A") -> N/A
A77: =IFERROR(__xludf.DUMMYFUNCTION("""COMPUTED_VALUE"""),"CAPACITOR: SMD CER 0402 47pF 50V ±5% C0G [04025A470JAT2A] [SMD]") -> CAPACITOR: SMD CER 0402 47pF 50V ±5% C0G [04025A470JAT2A] [SMD] | B77: =IFERROR(__xludf.DUMMYFUNCTION("""COMPUTED_VALUE"""),"OEPS010011") -> OEPS010011 | C77: =IFERROR(__xludf.DUMMYFUNCTION("""COMPUTED_VALUE"""),"SMD") -> SMD | D77: =IFERROR(__xludf.DUMMYFUNCTION("""COMPUTED_VALUE"""),"04025A470JAT2A") -> 04025A470JAT2A | E77: =IFERROR(__xludf.DUMMYFUNCTION("""COMPUTED_VALUE"""),30.0) -> 30 | F77: =IFERROR(__xludf.DUMMYFUNCTION("""COMPUTED_VALUE"""),"DigiKey") -> DigiKey | G77: =IFERROR(__xludf.DUMMYFUNCTION("""COMPUTED_VALUE"""),"478-1078-6-ND") -> 478-1078-6-ND | N77: =IFERROR(__xludf.DUMMYFUNCTION("""COMPUTED_VALUE"""),"OEPS F01 002") -> OEPS F01 002 | O77: =IFERROR(__xludf.DUMMYFUNCTION("""COMPUTED_VALUE"""),"CGA4J3X7R1E105K") -> CGA4J3X7R1E105K | P77: =IFERROR(__xludf.DUMMYFUNCTION("""COMPUTED_VALUE"""),"38(R) ") -> 38(R) | Q77: =IFERROR(__xludf.DUMMYFUNCTION("""COMPUTED_VALUE"""),38.0) -> 38 | R77: =IFERROR(__xludf.DUMMYFUNCTION("""COMPUTED_VALUE"""),38.0) -> 38 | S77: =IFERROR(__xludf.DUMMYFUNCTION("""COMPUTED_VALUE"""),"Reel") -> Reel | T77: =IFERROR(__xludf.DUMMYFUNCTION("""COMPUTED_VALUE"""),"0421") -> 0421
A78: =IFERROR(__xludf.DUMMYFUNCTION("""COMPUTED_VALUE"""),"CAPACITOR: SMD CER 0603 100nF 100V ±10% X7R [CL10B104KC8NNNC] [SMD]") -> CAPACITOR: SMD CER 0603 100nF 100V ±10% X7R [CL10B104KC8NNNC] [SMD] | B78: =IFERROR(__xludf.DUMMYFUNCTION("""COMPUTED_VALUE"""),"OEPS010095") -> OEPS010095 | C78: =IFERROR(__xludf.DUMMYFUNCTION("""COMPUTED_VALUE"""),"SMD") -> SMD | D78: =IFERROR(__xludf.DUMMYFUNCTION("""COMPUTED_VALUE"""),"CL10B104KC8NNNC") -> CL10B104KC8NNNC | E78: =IFERROR(__xludf.DUMMYFUNCTION("""COMPUTED_VALUE"""),20.0) -> 20 | F78: =IFERROR(__xludf.DUMMYFUNCTION("""COMPUTED_VALUE"""),"DigiKey") -> DigiKey | G78: =IFERROR(__xludf.DUMMYFUNCTION("""COMPUTED_VALUE"""),"1276-6807-6-ND") -> 1276-6807-6-ND | N78: =IFERROR(__xludf.DUMMYFUNCTION("""COMPUTED_VALUE"""),"OEPS F01 015") -> OEPS F01 015 | O78: =IFERROR(__xludf.DUMMYFUNCTION("""COMPUTED_VALUE"""),"UCD1E101MCL6GS") -> UCD1E101MCL6GS | P78: =IFERROR(__xludf.DUMMYFUNCTION("""COMPUTED_VALUE"""),"3 ") -> 3 | Q78: =IFERROR(__xludf.DUMMYFUNCTION("""COMPUTED_VALUE"""),3.0) -> 3 | R78: =IFERROR(__xludf.DUMMYFUNCTION("""COMPUTED_VALUE"""),3.0) -> 3 | S78: =IFERROR(__xludf.DUMMYFUNCTION("""COMPUTED_VALUE"""),"Bag") -> Bag | T78: =IFERROR(__xludf.DUMMYFUNCTION("""COMPUTED_VALUE"""),"N/A") -> N/A
A79: =IFERROR(__xludf.DUMMYFUNCTION("""COMPUTED_VALUE"""),"CAPACITOR: SMD CER 0603 100nF 100V ±10% X7R [GRM188R72A104KA35D] [SMD]") -> CAPACITOR: SMD CER 0603 100nF 100V ±10% X7R [GRM188R72A104KA35D] [SMD] | B79: =IFERROR(__xludf.DUMMYFUNCTION("""COMPUTED_VALUE"""),"OEPS010009") -> OEPS010009 | C79: =IFERROR(__xludf.DUMMYFUNCTION("""COMPUTED_VALUE"""),"SMD") -> SMD | D79: =IFERROR(__xludf.DUMMYFUNCTION("""COMPUTED_VALUE"""),"GRM188R72A104KA35D") -> GRM188R72A104KA35D | E79: =IFERROR(__xludf.DUMMYFUNCTION("""COMPUTED_VALUE"""),20.0) -> 20 | F79: =IFERROR(__xludf.DUMMYFUNCTION("""COMPUTED_VALUE"""),"DigiKey") -> DigiKey | G79: =IFERROR(__xludf.DUMMYFUNCTION("""COMPUTED_VALUE"""),"490-3285-6-ND") -> 490-3285-6-ND | N79: =IFERROR(__xludf.DUMMYFUNCTION("""COMPUTED_VALUE"""),"OEPS F01 017") -> OEPS F01 017 | O79: =IFERROR(__xludf.DUMMYFUNCTION("""COMPUTED_VALUE"""),"SZMM3Z5V1ST1G") -> SZMM3Z5V1ST1G | P79: =IFERROR(__xludf.DUMMYFUNCTION("""COMPUTED_VALUE"""),"13(R) ") -> 13(R) | Q79: =IFERROR(__xludf.DUMMYFUNCTION("""COMPUTED_VALUE"""),13.0) -> 13 | R79: =IFERROR(__xludf.DUMMYFUNCTION("""COMPUTED_VALUE"""),13.0) -> 13 | S79: =IFERROR(__xludf.DUMMYFUNCTION("""COMPUTED_VALUE"""),"Reel") -> Reel | T79: =IFERROR(__xludf.DUMMYFUNCTION("""COMPUTED_VALUE"""),"0421") -> 0421
A80: =IFERROR(__xludf.DUMMYFUNCTION("""COMPUTED_VALUE"""),"CAPACITOR: SMD CER 0603 100nF 100V ±10% X7R (OEPS J05 001) [GRJ188R72A104KE11D] [SMD]") -> CAPACITOR: SMD CER 0603 100nF 100V ±10% X7R (OEPS J05 001) [GRJ188R72A104KE11D] [SMD] | B80: =IFERROR(__xludf.DUMMYFUNCTION("""COMPUTED_VALUE"""),"OEPS010039") -> OEPS010039 | C80: =IFERROR(__xludf.DUMMYFUNCTION("""COMPUTED_VALUE"""),"SMD") -> SMD | D80: =IFERROR(__xludf.DUMMYFUNCTION("""COMPUTED_VALUE"""),"GRJ188R72A104KE11D") -> GRJ188R72A104KE11D | E80: =IFERROR(__xludf.DUMMYFUNCTION("""COMPUTED_VALUE"""),20.0) -> 20 | F80: =IFERROR(__xludf.DUMMYFUNCTION("""COMPUTED_VALUE"""),"DigiKey") -> DigiKey | G80: =IFERROR(__xludf.DUMMYFUNCTION("""COMPUTED_VALUE"""),"490-10901-6-ND") -> 490-10901-6-ND | N80: =IFERROR(__xludf.DUMMYFUNCTION("""COMPUTED_VALUE"""),"OEPS F01 019") -> OEPS F01 019 | O80: =IFERROR(__xludf.DUMMYFUNCTION("""COMPUTED_VALUE"""),"MBR0520LT1G") -> MBR0520LT1G | P80: =IFERROR(__xludf.DUMMYFUNCTION("""COMPUTED_VALUE"""),"122(R) ") -> 122(R) | Q80: =IFERROR(__xludf.DUMMYFUNCTION("""COMPUTED_VALUE"""),122.0) -> 122 | R80: =IFERROR(__xludf.DUMMYFUNCTION("""COMPUTED_VALUE"""),122.0) -> 122 | S80: =IFERROR(__xludf.DUMMYFUNCTION("""COMPUTED_VALUE"""),"Reel") -> Reel | T80: =IFERROR(__xludf.DUMMYFUNCTION("""COMPUTED_VALUE"""),"0617") -> 0617
A81: =IFERROR(__xludf.DUMMYFUNCTION("""COMPUTED_VALUE"""),"CAPACITOR: SMD CER 0603 100pF 50V ±5% C0G [CC0603JRNPO9BN101] [SMD]") -> CAPACITOR: SMD CER 0603 100pF 50V ±5% C0G [CC0603JRNPO9BN101] [SMD] | B81: =IFERROR(__xludf.DUMMYFUNCTION("""COMPUTED_VALUE"""),"OEPS010078") -> OEPS010078 | C81: =IFERROR(__xludf.DUMMYFUNCTION("""COMPUTED_VALUE"""),"SMD") -> SMD | D81: =IFERROR(__xludf.DUMMYFUNCTION("""COMPUTED_VALUE"""),"CC0603JRNPO9BN101") -> CC0603JRNPO9BN101 | E81: =IFERROR(__xludf.DUMMYFUNCTION("""COMPUTED_VALUE"""),30.0) -> 30 | F81: =IFERROR(__xludf.DUMMYFUNCTION("""COMPUTED_VALUE"""),"Digikey") -> Digikey | G81: =IFERROR(__xludf.DUMMYFUNCTION("""COMPUTED_VALUE"""),"311-1069-6-ND") -> 311-1069-6-ND | N81: =IFERROR(__xludf.DUMMYFUNCTION("""COMPUTED_VALUE"""),"OEPS F01 020") -> OEPS F01 020 | O81: =IFERROR(__xludf.DUMMYFUNCTION("""COMPUTED_VALUE"""),"SBH11-PBPC-D05-RA-BK") -> SBH11-PBPC-D05-RA-BK | P81: =IFERROR(__xludf.DUMMYFUNCTION("""COMPUTED_VALUE"""),"1 ") -> 1 | Q81: =IFERROR(__xludf.DUMMYFUNCTION("""COMPUTED_VALUE"""),1.0) -> 1 | R81: =IFERROR(__xludf.DUMMYFUNCTION("""COMPUTED_VALUE"""),1.0) -> 1 | S81: =IFERROR(__xludf.DUMMYFUNCTION("""COMPUTED_VALUE"""),"Bag") -> Bag | T81: =IFERROR(__xludf.DUMMYFUNCTION("""COMPUTED_VALUE"""),"0421") -> 0421
A82: =IFERROR(__xludf.DUMMYFUNCTION("""COMPUTED_VALUE"""),"CAPACITOR: SMD CER 0603 10nF 50V ±10% X7R [C1608X7R1H103K080AA] [SMD]") -> CAPACITOR: SMD CER 0603 10nF 50V ±10% X7R [C1608X7R1H103K080AA] [SMD] | B82: =IFERROR(__xludf.DUMMYFUNCTION("""COMPUTED_VALUE"""),"OEPS010074") -> OEPS010074 | C82: =IFERROR(__xludf.DUMMYFUNCTION("""COMPUTED_VALUE"""),"SMD") -> SMD | D82: =IFERROR(__xludf.DUMMYFUNCTION("""COMPUTED_VALUE"""),"C1608X7R1H103K080AA") -> C1608X7R1H103K080AA | E82: =IFERROR(__xludf.DUMMYFUNCTION("""COMPUTED_VALUE"""),30.0) -> 30 | F82: =IFERROR(__xludf.DUMMYFUNCTION("""COMPUTED_VALUE"""),"Digikey") -> Digikey | G82: =IFERROR(__xludf.DUMMYFUNCTION("""COMPUTED_VALUE"""),"445-1311-6-ND") -> 445-1311-6-ND | N82: =IFERROR(__xludf.DUMMYFUNCTION("""COMPUTED_VALUE"""),"OEPS F01 023") -> OEPS F01 023 | O82: =IFERROR(__xludf.DUMMYFUNCTION("""COMPUTED_VALUE"""),"569-0112-200F") -> 569-0112-200F | P82: =IFERROR(__xludf.DUMMYFUNCTION("""COMPUTED_VALUE"""),"1 ") -> 1 | Q82: =IFERROR(__xludf.DUMMYFUNCTION("""COMPUTED_VALUE"""),1.0) -> 1 | R82: =IFERROR(__xludf.DUMMYFUNCTION("""COMPUTED_VALUE"""),1.0) -> 1 | S82: =IFERROR(__xludf.DUMMYFUNCTION("""COMPUTED_VALUE"""),"Bag") -> Bag | T82: =IFERROR(__xludf.DUMMYFUNCTION("""COMPUTED_VALUE"""),"0421") -> 0421
A83: =IFERROR(__xludf.DUMMYFUNCTION("""COMPUTED_VALUE"""),"CAPACITOR: SMD CER 0603 10pF 50V ±5% C0G [C0603C100J5GACTU] [SMD]") -> CAPACITOR: SMD CER 0603 10pF 50V ±5% C0G [C0603C100J5GACTU] [SMD] | B83: =IFERROR(__xludf.DUMMYFUNCTION("""COMPUTED_VALUE"""),"OEPS010096") -> OEPS010096 | C83: =IFERROR(__xludf.DUMMYFUNCTION("""COMPUTED_VALUE"""),"SMD") -> SMD | D83: =IFERROR(__xludf.DUMMYFUNCTION("""COMPUTED_VALUE"""),"C0603C100J5GACTU") -> C0603C100J5GACTU | E83: =IFERROR(__xludf.DUMMYFUNCTION("""COMPUTED_VALUE"""),20.0) -> 20 | F83: =IFERROR(__xludf.DUMMYFUNCTION("""COMPUTED_VALUE"""),"DigiKey") -> DigiKey | G83: =IFERROR(__xludf.DUMMYFUNCTION("""COMPUTED_VALUE"""),"399-C0603C100J5GACTUDKR-ND") -> 399-C0603C100J5GACTUDKR-ND | N83: =IFERROR(__xludf.DUMMYFUNCTION("""COMPUTED_VALUE"""),"OEPS F01 028") -> OEPS F01 028 | O83: =IFERROR(__xludf.DUMMYFUNCTION("""COMPUTED_VALUE"""),"164-6218") -> 164-6218 | P83: =IFERROR(__xludf.DUMMYFUNCTION("""COMPUTED_VALUE"""),"1 ") -> 1 | Q83: =IFERROR(__xludf.DUMMYFUNCTION("""COMPUTED_VALUE"""),1.0) -> 1 | R83: =IFERROR(__xludf.DUMMYFUNCTION("""COMPUTED_VALUE"""),1.0) -> 1 | S83: =IFERROR(__xludf.DUMMYFUNCTION("""COMPUTED_VALUE"""),"Bag") -> Bag | T83: =IFERROR(__xludf.DUMMYFUNCTION("""COMPUTED_VALUE"""),"XX21") -> XX21
A84: =IFERROR(__xludf.DUMMYFUNCTION("""COMPUTED_VALUE"""),"CAPACITOR: SMD CER 0603 10uF 16V ±20% X5R [EMK107BBJ106MA-T] [SMD]") -> CAPACITOR: SMD CER 0603 10uF 16V ±20% X5R [EMK107BBJ106MA-T] [SMD] | B84: =IFERROR(__xludf.DUMMYFUNCTION("""COMPUTED_VALUE"""),"OEPS010015") -> OEPS010015 | C84: =IFERROR(__xludf.DUMMYFUNCTION("""COMPUTED_VALUE"""),"SMD") -> SMD | D84: =IFERROR(__xludf.DUMMYFUNCTION("""COMPUTED_VALUE"""),"EMK107BBJ106MA-T") -> EMK107BBJ106MA-T | E84: =IFERROR(__xludf.DUMMYFUNCTION("""COMPUTED_VALUE"""),20.0) -> 20 | F84: =IFERROR(__xludf.DUMMYFUNCTION("""COMPUTED_VALUE"""),"DigiKey") -> DigiKey | G84: =IFERROR(__xludf.DUMMYFUNCTION("""COMPUTED_VALUE"""),"587-3238-6-ND") -> 587-3238-6-ND | N84: =IFERROR(__xludf.DUMMYFUNCTION("""COMPUTED_VALUE"""),"OEPS F01 029") -> OEPS F01 029 | O84: =IFERROR(__xludf.DUMMYFUNCTION("""COMPUTED_VALUE"""),"571-0500") -> 571-0500 | P84: =IFERROR(__xludf.DUMMYFUNCTION("""COMPUTED_VALUE"""),"1 ") -> 1 | Q84: =IFERROR(__xludf.DUMMYFUNCTION("""COMPUTED_VALUE"""),1.0) -> 1 | R84: =IFERROR(__xludf.DUMMYFUNCTION("""COMPUTED_VALUE"""),1.0) -> 1 | S84: =IFERROR(__xludf.DUMMYFUNCTION("""COMPUTED_VALUE"""),"Bag") -> Bag | T84: =IFERROR(__xludf.DUMMYFUNCTION("""COMPUTED_VALUE"""),"XX21") -> XX21
A85: =IFERROR(__xludf.DUMMYFUNCTION("""COMPUTED_VALUE"""),"CAPACITOR: SMD CER 0603 10uF 35V ±20% X5R [GRM188R6YA106MA73J] [SMD]") -> CAPACITOR: SMD CER 0603 10uF 35V ±20% X5R [GRM188R6YA106MA73J] [SMD] | B85: =IFERROR(__xludf.DUMMYFUNCTION("""COMPUTED_VALUE"""),"OEPS010093") -> OEPS010093 | C85: =IFERROR(__xludf.DUMMYFUNCTION("""COMPUTED_VALUE"""),"SMD") -> SMD | D85: =IFERROR(__xludf.DUMMYFUNCTION("""COMPUTED_VALUE"""),"GRM188R6YA106MA73J") -> GRM188R6YA106MA73J | E85: =IFERROR(__xludf.DUMMYFUNCTION("""COMPUTED_VALUE"""),20.0) -> 20 | F85: =IFERROR(__xludf.DUMMYFUNCTION("""COMPUTED_VALUE"""),"Digikey") -> Digikey | G85: =IFERROR(__xludf.DUMMYFUNCTION("""COMPUTED_VALUE"""),"490-GRM188R6YA106MA73JDKR-ND") -> 490-GRM188R6YA106MA73JDKR-ND | N85: =IFERROR(__xludf.DUMMYFUNCTION("""COMPUTED_VALUE"""),"OEPS F01 030") -> OEPS F01 030 | O85: =IFERROR(__xludf.DUMMYFUNCTION("""COMPUTED_VALUE"""),"569-0111-100F") -> 569-0111-100F | P85: =IFERROR(__xludf.DUMMYFUNCTION("""COMPUTED_VALUE"""),"1 ") -> 1 | Q85: =IFERROR(__xludf.DUMMYFUNCTION("""COMPUTED_VALUE"""),1.0) -> 1 | R85: =IFERROR(__xludf.DUMMYFUNCTION("""COMPUTED_VALUE"""),1.0) -> 1 | S85: =IFERROR(__xludf.DUMMYFUNCTION("""COMPUTED_VALUE"""),"Bag") -> Bag | T85: =IFERROR(__xludf.DUMMYFUNCTION("""COMPUTED_VALUE"""),"XX21") -> XX21
A86: =IFERROR(__xludf.DUMMYFUNCTION("""COMPUTED_VALUE"""),"CAPACITOR: SMD CER 0603 15nF 50V ±10% X7R [C0603C153K5RACTU] [SMD]") -> CAPACITOR: SMD CER 0603 15nF 50V ±10% X7R [C0603C153K5RACTU] [SMD] | B86: =IFERROR(__xludf.DUMMYFUNCTION("""COMPUTED_VALUE"""),"OEPS010084") -> OEPS010084 | C86: =IFERROR(__xludf.DUMMYFUNCTION("""COMPUTED_VALUE"""),"SMD") -> SMD | D86: =IFERROR(__xludf.DUMMYFUNCTION("""COMPUTED_VALUE"""),"C0603C153K5RACTU") -> C0603C153K5RACTU | E86: =IFERROR(__xludf.DUMMYFUNCTION("""COMPUTED_VALUE"""),30.0) -> 30 | F86: =IFERROR(__xludf.DUMMYFUNCTION("""COMPUTED_VALUE"""),"Digikey") -> Digikey | G86: =IFERROR(__xludf.DUMMYFUNCTION("""COMPUTED_VALUE"""),"399-C0603C153K5RACTUDKR-ND") -> 399-C0603C153K5RACTUDKR-ND | N86: =IFERROR(__xludf.DUMMYFUNCTION("""COMPUTED_VALUE"""),"OEPS F01 031") -> OEPS F01 031 | O86: =IFERROR(__xludf.DUMMYFUNCTION("""COMPUTED_VALUE"""),"PJ-063AH") -> PJ-063AH | P86: =IFERROR(__xludf.DUMMYFUNCTION("""COMPUTED_VALUE"""),"1 ") -> 1 | Q86: =IFERROR(__xludf.DUMMYFUNCTION("""COMPUTED_VALUE"""),1.0) -> 1 | R86: =IFERROR(__xludf.DUMMYFUNCTION("""COMPUTED_VALUE"""),1.0) -> 1 | S86: =IFERROR(__xludf.DUMMYFUNCTION("""COMPUTED_VALUE"""),"Bag") -> Bag | T86: =IFERROR(__xludf.DUMMYFUNCTION("""COMPUTED_VALUE"""),"0421") -> 0421
A87: =IFERROR(__xludf.DUMMYFUNCTION("""COMPUTED_VALUE"""),"CAPACITOR: SMD CER 0603 15pF 50V ±5% C0G [C1608C0G1H150J080AA] [SMD]") -> CAPACITOR: SMD CER 0603 15pF 50V ±5% C0G [C1608C0G1H150J080AA] [SMD] | B87: =IFERROR(__xludf.DUMMYFUNCTION("""COMPUTED_VALUE"""),"OEPS010072") -> OEPS010072 | C87: =IFERROR(__xludf.DUMMYFUNCTION("""COMPUTED_VALUE"""),"SMD") -> SMD | D87: =IFERROR(__xludf.DUMMYFUNCTION("""COMPUTED_VALUE"""),"C1608C0G1H150J080AA") -> C1608C0G1H150J080AA | E87: =IFERROR(__xludf.DUMMYFUNCTION("""COMPUTED_VALUE"""),30.0) -> 30 | F87: =IFERROR(__xludf.DUMMYFUNCTION("""COMPUTED_VALUE"""),"Digikey") -> Digikey | G87: =IFERROR(__xludf.DUMMYFUNCTION("""COMPUTED_VALUE"""),"445-1271-6-ND") -> 445-1271-6-ND | N87: =IFERROR(__xludf.DUMMYFUNCTION("""COMPUTED_VALUE"""),"OEPS F01 034") -> OEPS F01 034 | O87: =IFERROR(__xludf.DUMMYFUNCTION("""COMPUTED_VALUE"""),"IRF510STRRPBF") -> IRF510STRRPBF | P87: =IFERROR(__xludf.DUMMYFUNCTION("""COMPUTED_VALUE"""),"14(R) 5 ") -> 14(R) 5 | Q87: =IFERROR(__xludf.DUMMYFUNCTION("""COMPUTED_VALUE"""),19.0) -> 19 | R87: =IFERROR(__xludf.DUMMYFUNCTION("""COMPUTED_VALUE"""),14.0) -> 14 | S87: =IFERROR(__xludf.DUMMYFUNCTION("""COMPUTED_VALUE"""),"Reel") -> Reel | T87: =IFERROR(__xludf.DUMMYFUNCTION("""COMPUTED_VALUE"""),"0421") -> 0421 | U87: =IFERROR(__xludf.DUMMYFUNCTION("""COMPUTED_VALUE"""),5.0) -> 5 | V87: =IFERROR(__xludf.DUMMYFUNCTION("""COMPUTED_VALUE"""),"Bag") -> Bag | W87: =IFERROR(__xludf.DUMMYFUNCTION("""COMPUTED_VALUE"""),"N/A") -> N/A
A88: =IFERROR(__xludf.DUMMYFUNCTION("""COMPUTED_VALUE"""),"CAPACITOR: SMD CER 0603 180nF 50V ±10% X8R [GCG188R91H184KA01D] [SMD]") -> CAPACITOR: SMD CER 0603 180nF 50V ±10% X8R [GCG188R91H184KA01D] [SMD] | B88: =IFERROR(__xludf.DUMMYFUNCTION("""COMPUTED_VALUE"""),"OEPS010019") -> OEPS010019 | C88: =IFERROR(__xludf.DUMMYFUNCTION("""COMPUTED_VALUE"""),"SMD") -> SMD | D88: =IFERROR(__xludf.DUMMYFUNCTION("""COMPUTED_VALUE"""),"GCG188R91H184KA01D") -> GCG188R91H184KA01D | E88: =IFERROR(__xludf.DUMMYFUNCTION("""COMPUTED_VALUE"""),20.0) -> 20 | F88: =IFERROR(__xludf.DUMMYFUNCTION("""COMPUTED_VALUE"""),"DigiKey") -> DigiKey | G88: =IFERROR(__xludf.DUMMYFUNCTION("""COMPUTED_VALUE"""),"490-GCG188R91H184KA01DDKR-ND") -> 490-GCG188R91H184KA01DDKR-ND | N88: =IFERROR(__xludf.DUMMYFUNCTION("""COMPUTED_VALUE"""),"OEPS F01 050 ") -> OEPS F01 050 | O88: =IFERROR(__xludf.DUMMYFUNCTION("""COMPUTED_VALUE"""),"CSR0603FKR500") -> CSR0603FKR500 | P88: =IFERROR(__xludf.DUMMYFUNCTION("""COMPUTED_VALUE"""),"80(R) ") -> 80(R) | Q88: =IFERROR(__xludf.DUMMYFUNCTION("""COMPUTED_VALUE"""),80.0) -> 80 | R88: =IFERROR(__xludf.DUMMYFUNCTION("""COMPUTED_VALUE"""),80.0) -> 80 | S88: =IFERROR(__xludf.DUMMYFUNCTION("""COMPUTED_VALUE"""),"Reel") -> Reel | T88: =IFERROR(__xludf.DUMMYFUNCTION("""COMPUTED_VALUE"""),"0421") -> 0421
A89: =IFERROR(__xludf.DUMMYFUNCTION("""COMPUTED_VALUE"""),"CAPACITOR: SMD CER 0603 18pF 50V ±5% C0G [C0603C180J5GAC7867] [SMD]") -> CAPACITOR: SMD CER 0603 18pF 50V ±5% C0G [C0603C180J5GAC7867] [SMD] | B89: =IFERROR(__xludf.DUMMYFUNCTION("""COMPUTED_VALUE"""),"OEPS010064") -> OEPS010064 | C89: =IFERROR(__xludf.DUMMYFUNCTION("""COMPUTED_VALUE"""),"SMD") -> SMD | D89: =IFERROR(__xludf.DUMMYFUNCTION("""COMPUTED_VALUE"""),"C0603C180J5GAC7867") -> C0603C180J5GAC7867 | E89: =IFERROR(__xludf.DUMMYFUNCTION("""COMPUTED_VALUE"""),30.0) -> 30 | F89: =IFERROR(__xludf.DUMMYFUNCTION("""COMPUTED_VALUE"""),"DigiKey") -> DigiKey | G89: =IFERROR(__xludf.DUMMYFUNCTION("""COMPUTED_VALUE"""),"399-C0603C180J5GAC7867DKR-ND") -> 399-C0603C180J5GAC7867DKR-ND | N89: =IFERROR(__xludf.DUMMYFUNCTION("""COMPUTED_VALUE"""),"OEPS F01 062") -> OEPS F01 062 | O89: =IFERROR(__xludf.DUMMYFUNCTION("""COMPUTED_VALUE"""),"CFPA-1FB4-A2T") -> CFPA-1FB4-A2T | P89: =IFERROR(__xludf.DUMMYFUNCTION("""COMPUTED_VALUE"""),"1 ") -> 1 | Q89: =IFERROR(__xludf.DUMMYFUNCTION("""COMPUTED_VALUE"""),1.0) -> 1 | R89: =IFERROR(__xludf.DUMMYFUNCTION("""COMPUTED_VALUE"""),1.0) -> 1 | S89: =IFERROR(__xludf.DUMMYFUNCTION("""COMPUTED_VALUE"""),"Bag") -> Bag | T89: =IFERROR(__xludf.DUMMYFUNCTION("""COMPUTED_VALUE"""),"N/A") -> N/A
A90: =IFERROR(__xludf.DUMMYFUNCTION("""COMPUTED_VALUE"""),"CAPACITOR: SMD CER 0603 1nF 100V ±10% X7R [C1608X7R2A102K080AA] [SMD]") -> CAPACITOR: SMD CER 0603 1nF 100V ±10% X7R [C1608X7R2A102K080AA] [SMD] | B90: =IFERROR(__xludf.DUMMYFUNCTION("""COMPUTED_VALUE"""),"OEPS010073") -> OEPS010073 | C90: =IFERROR(__xludf.DUMMYFUNCTION("""COMPUTED_VALUE"""),"SMD") -> SMD | D90: =IFERROR(__xludf.DUMMYFUNCTION("""COMPUTED_VALUE"""),"C1608X7R2A102K080AA") -> C1608X7R2A102K080AA | E90: =IFERROR(__xludf.DUMMYFUNCTION("""COMPUTED_VALUE"""),30.0) -> 30 | F90: =IFERROR(__xludf.DUMMYFUNCTION("""COMPUTED_VALUE"""),"Digikey") -> Digikey | G90: =IFERROR(__xludf.DUMMYFUNCTION("""COMPUTED_VALUE"""),"445-1298-6-ND") -> 445-1298-6-ND | N90: =IFERROR(__xludf.DUMMYFUNCTION("""COMPUTED_VALUE"""),"OEPS F01 063") -> OEPS F01 063 | O90: =IFERROR(__xludf.DUMMYFUNCTION("""COMPUTED_VALUE"""),"731000105") -> 731000105 | P90: =IFERROR(__xludf.DUMMYFUNCTION("""COMPUTED_VALUE"""),"1 ") -> 1 | Q90: =IFERROR(__xludf.DUMMYFUNCTION("""COMPUTED_VALUE"""),1.0) -> 1 | R90: =IFERROR(__xludf.DUMMYFUNCTION("""COMPUTED_VALUE"""),1.0) -> 1 | S90: =IFERROR(__xludf.DUMMYFUNCTION("""COMPUTED_VALUE"""),"Bag") -> Bag | T90: =IFERROR(__xludf.DUMMYFUNCTION("""COMPUTED_VALUE"""),"XX21") -> XX21
A91: =IFERROR(__xludf.DUMMYFUNCTION("""COMPUTED_VALUE"""),"CAPACITOR: SMD CER 0603 1uF 25V ±10% X5R [CL10A105KA8NNNC] [SMD]") -> CAPACITOR: SMD CER 0603 1uF 25V ±10% X5R [CL10A105KA8NNNC] [SMD] | B91: =IFERROR(__xludf.DUMMYFUNCTION("""COMPUTED_VALUE"""),"OEPS010022") -> OEPS010022 | C91: =IFERROR(__xludf.DUMMYFUNCTION("""COMPUTED_VALUE"""),"SMD") -> SMD | D91: =IFERROR(__xludf.DUMMYFUNCTION("""COMPUTED_VALUE"""),"CL10A105KA8NNNC") -> CL10A105KA8NNNC | E91: =IFERROR(__xludf.DUMMYFUNCTION("""COMPUTED_VALUE"""),20.0) -> 20 | F91: =IFERROR(__xludf.DUMMYFUNCTION("""COMPUTED_VALUE"""),"DigiKey") -> DigiKey | G91: =IFERROR(__xludf.DUMMYFUNCTION("""COMPUTED_VALUE"""),"1276-1102-6-ND") -> 1276-1102-6-ND | N91: =IFERROR(__xludf.DUMMYFUNCTION("""COMPUTED_VALUE"""),"OEPS F01 067") -> OEPS F01 067 | O91: =IFERROR(__xludf.DUMMYFUNCTION("""COMPUTED_VALUE"""),"ADG1201BRJZ-R2") -> ADG1201BRJZ-R2
A92: =IFERROR(__xludf.DUMMYFUNCTION("""COMPUTED_VALUE"""),"CAPACITOR: SMD CER 0603 1uF 50V ±10% X7R [06035C105KAT2A] [SMD]") -> CAPACITOR: SMD CER 0603 1uF 50V ±10% X7R [06035C105KAT2A] [SMD] | B92: =IFERROR(__xludf.DUMMYFUNCTION("""COMPUTED_VALUE"""),"OEPS010054") -> OEPS010054 | C92: =IFERROR(__xludf.DUMMYFUNCTION("""COMPUTED_VALUE"""),"SMD") -> SMD | D92: =IFERROR(__xludf.DUMMYFUNCTION("""COMPUTED_VALUE"""),"06035C105KAT2A") -> 06035C105KAT2A | E92: =IFERROR(__xludf.DUMMYFUNCTION("""COMPUTED_VALUE"""),20.0) -> 20 | F92: =IFERROR(__xludf.DUMMYFUNCTION("""COMPUTED_VALUE"""),"DigiKey") -> DigiKey | G92: =IFERROR(__xludf.DUMMYFUNCTION("""COMPUTED_VALUE"""),"478-10073-6-ND") -> 478-10073-6-ND | N92: =IFERROR(__xludf.DUMMYFUNCTION("""COMPUTED_VALUE"""),"OEPS F01 070") -> OEPS F01 070 | O92: =IFERROR(__xludf.DUMMYFUNCTION("""COMPUTED_VALUE"""),"LT1764AEQ#TRPBF") -> LT1764AEQ#TRPBF | P92: =IFERROR(__xludf.DUMMYFUNCTION("""COMPUTED_VALUE"""),"1 ") -> 1 | Q92: =IFERROR(__xludf.DUMMYFUNCTION("""COMPUTED_VALUE"""),1.0) -> 1 | R92: =IFERROR(__xludf.DUMMYFUNCTION("""COMPUTED_VALUE"""),1.0) -> 1 | S92: =IFERROR(__xludf.DUMMYFUNCTION("""COMPUTED_VALUE"""),"Bag") -> Bag | T92: =IFERROR(__xludf.DUMMYFUNCTION("""COMPUTED_VALUE"""),"N/A") -> N/A
A93: =IFERROR(__xludf.DUMMYFUNCTION("""COMPUTED_VALUE"""),"CAPACITOR: SMD CER 0603 2.2uF 25V ±10% X5R (OEPS J30 006) [GRM188R61E225KA12D] [SMD]") -> CAPACITOR: SMD CER 0603 2.2uF 25V ±10% X5R (OEPS J30 006) [GRM188R61E225KA12D] [SMD] | B93: =IFERROR(__xludf.DUMMYFUNCTION("""COMPUTED_VALUE"""),"OEPS010075") -> OEPS010075 | C93: =IFERROR(__xludf.DUMMYFUNCTION("""COMPUTED_VALUE"""),"SMD") -> SMD | D93: =IFERROR(__xludf.DUMMYFUNCTION("""COMPUTED_VALUE"""),"GRM188R61E225KA12D") -> GRM188R61E225KA12D | E93: =IFERROR(__xludf.DUMMYFUNCTION("""COMPUTED_VALUE"""),30.0) -> 30 | F93: =IFERROR(__xludf.DUMMYFUNCTION("""COMPUTED_VALUE"""),"Digikey") -> Digikey | G93: =IFERROR(__xludf.DUMMYFUNCTION("""COMPUTED_VALUE"""),"490-10731-6-ND") -> 490-10731-6-ND | N93: =IFERROR(__xludf.DUMMYFUNCTION("""COMPUTED_VALUE"""),"OEPS F01 071") -> OEPS F01 071 | O93: =IFERROR(__xludf.DUMMYFUNCTION("""COMPUTED_VALUE"""),"BD00FC0WEFJ-E2") -> BD00FC0WEFJ-E2 | P93: =IFERROR(__xludf.DUMMYFUNCTION("""COMPUTED_VALUE"""),"16(R) ") -> 16(R) | Q93: =IFERROR(__xludf.DUMMYFUNCTION("""COMPUTED_VALUE"""),16.0) -> 16 | R93: =IFERROR(__xludf.DUMMYFUNCTION("""COMPUTED_VALUE"""),16.0) -> 16 | S93: =IFERROR(__xludf.DUMMYFUNCTION("""COMPUTED_VALUE"""),"Reel") -> Reel | T93: =IFERROR(__xludf.DUMMYFUNCTION("""COMPUTED_VALUE"""),"0421") -> 0421
A94: =IFERROR(__xludf.DUMMYFUNCTION("""COMPUTED_VALUE"""),"CAPACITOR: SMD CER 0603 22nF 100V ±10% X7R [C1608X7R2A223K080AA] [SMD]") -> CAPACITOR: SMD CER 0603 22nF 100V ±10% X7R [C1608X7R2A223K080AA] [SMD] | B94: =IFERROR(__xludf.DUMMYFUNCTION("""COMPUTED_VALUE"""),"OEPS010056") -> OEPS010056 | C94: =IFERROR(__xludf.DUMMYFUNCTION("""COMPUTED_VALUE"""),"SMD") -> SMD | D94: =IFERROR(__xludf.DUMMYFUNCTION("""COMPUTED_VALUE"""),"C1608X7R2A223K080AA") -> C1608X7R2A223K080AA | E94: =IFERROR(__xludf.DUMMYFUNCTION("""COMPUTED_VALUE"""),30.0) -> 30 | F94: =IFERROR(__xludf.DUMMYFUNCTION("""COMPUTED_VALUE"""),"DigiKey") -> DigiKey | G94: =IFERROR(__xludf.DUMMYFUNCTION("""COMPUTED_VALUE"""),"445-2275-6-ND") -> 445-2275-6-ND | N94: =IFERROR(__xludf.DUMMYFUNCTION("""COMPUTED_VALUE"""),"OEPS F01 078") -> OEPS F01 078 | O94: =IFERROR(__xludf.DUMMYFUNCTION("""COMPUTED_VALUE"""),"ADR03BKSZ-REEL7") -> ADR03BKSZ-REEL7 | P94: =IFERROR(__xludf.DUMMYFUNCTION("""COMPUTED_VALUE"""),"14(R) ") -> 14(R) | Q94: =IFERROR(__xludf.DUMMYFUNCTION("""COMPUTED_VALUE"""),14.0) -> 14 | R94: =IFERROR(__xludf.DUMMYFUNCTION("""COMPUTED_VALUE"""),14.0) -> 14 | S94: =IFERROR(__xludf.DUMMYFUNCTION("""COMPUTED_VALUE"""),"Reel") -> Reel | T94: =IFERROR(__xludf.DUMMYFUNCTION("""COMPUTED_VALUE"""),"0421") -> 0421
A95: =IFERROR(__xludf.DUMMYFUNCTION("""COMPUTED_VALUE"""),"CAPACITOR: SMD CER 0603 22uF 6.3V ±20% X5R (OEPS J30 009) [GRM188R60J226MEA0D] [SMD]") -> CAPACITOR: SMD CER 0603 22uF 6.3V ±20% X5R (OEPS J30 009) [GRM188R60J226MEA0D] [SMD] | B95: =IFERROR(__xludf.DUMMYFUNCTION("""COMPUTED_VALUE"""),"OEPS010076") -> OEPS010076 | C95: =IFERROR(__xludf.DUMMYFUNCTION("""COMPUTED_VALUE"""),"SMD") -> SMD | D95: =IFERROR(__xludf.DUMMYFUNCTION("""COMPUTED_VALUE"""),"GRM188R60J226MEA0D") -> GRM188R60J226MEA0D | E95: =IFERROR(__xludf.DUMMYFUNCTION("""COMPUTED_VALUE"""),30.0) -> 30 | F95: =IFERROR(__xludf.DUMMYFUNCTION("""COMPUTED_VALUE"""),"Digikey") -> Digikey | G95: =IFERROR(__xludf.DUMMYFUNCTION("""COMPUTED_VALUE"""),"490-7611-6-ND") -> 490-7611-6-ND | N95: =IFERROR(__xludf.DUMMYFUNCTION("""COMPUTED_VALUE"""),"OEPS F01 079") -> OEPS F01 079 | O95: =IFERROR(__xludf.DUMMYFUNCTION("""COMPUTED_VALUE"""),"AS12CV") -> AS12CV | P95: =IFERROR(__xludf.DUMMYFUNCTION("""COMPUTED_VALUE"""),"1 ") -> 1 | Q95: =IFERROR(__xludf.DUMMYFUNCTION("""COMPUTED_VALUE"""),1.0) -> 1 | R95: =IFERROR(__xludf.DUMMYFUNCTION("""COMPUTED_VALUE"""),1.0) -> 1 | S95: =IFERROR(__xludf.DUMMYFUNCTION("""COMPUTED_VALUE"""),"Bag") -> Bag | T95: =IFERROR(__xludf.DUMMYFUNCTION("""COMPUTED_VALUE"""),"0421") -> 0421
A96: =IFERROR(__xludf.DUMMYFUNCTION("""COMPUTED_VALUE"""),"CAPACITOR: SMD CER 0603 4.7nF 100V ±10% X7R [885012206112] [SMD]") -> CAPACITOR: SMD CER 0603 4.7nF 100V ±10% X7R [885012206112] [SMD] | B96: =IFERROR(__xludf.DUMMYFUNCTION("""COMPUTED_VALUE"""),"OEPS010014") -> OEPS010014 | C96: =IFERROR(__xludf.DUMMYFUNCTION("""COMPUTED_VALUE"""),"SMD") -> SMD | D96: =IFERROR(__xludf.DUMMYFUNCTION("""COMPUTED_VALUE"""),"885012206112") -> 885012206112 | E96: =IFERROR(__xludf.DUMMYFUNCTION("""COMPUTED_VALUE"""),20.0) -> 20 | F96: =IFERROR(__xludf.DUMMYFUNCTION("""COMPUTED_VALUE"""),"DigiKey") -> DigiKey | G96: =IFERROR(__xludf.DUMMYFUNCTION("""COMPUTED_VALUE"""),"732-12240-6-ND") -> 732-12240-6-ND | N96: =IFERROR(__xludf.DUMMYFUNCTION("""COMPUTED_VALUE"""),"OEPS F01 080") -> OEPS F01 080 | O96: =IFERROR(__xludf.DUMMYFUNCTION("""COMPUTED_VALUE"""),"100SP3T2B4M6RE") -> 100SP3T2B4M6RE | P96: =IFERROR(__xludf.DUMMYFUNCTION("""COMPUTED_VALUE"""),"1 ") -> 1 | Q96: =IFERROR(__xludf.DUMMYFUNCTION("""COMPUTED_VALUE"""),1.0) -> 1 | R96: =IFERROR(__xludf.DUMMYFUNCTION("""COMPUTED_VALUE"""),1.0) -> 1 | S96: =IFERROR(__xludf.DUMMYFUNCTION("""COMPUTED_VALUE"""),"Bag") -> Bag | T96: =IFERROR(__xludf.DUMMYFUNCTION("""COMPUTED_VALUE"""),"0421") -> 0421
A97: =IFERROR(__xludf.DUMMYFUNCTION("""COMPUTED_VALUE"""),"CAPACITOR: SMD CER 0603 4.7uF 16V ±10% X6S [C1608X6S1C475K080AC] [SMD]") -> CAPACITOR: SMD CER 0603 4.7uF 16V ±10% X6S [C1608X6S1C475K080AC] [SMD] | B97: =IFERROR(__xludf.DUMMYFUNCTION("""COMPUTED_VALUE"""),"OEPS010018") -> OEPS010018 | C97: =IFERROR(__xludf.DUMMYFUNCTION("""COMPUTED_VALUE"""),"SMD") -> SMD | D97: =IFERROR(__xludf.DUMMYFUNCTION("""COMPUTED_VALUE"""),"C1608X6S1C475K080AC") -> C1608X6S1C475K080AC | E97: =IFERROR(__xludf.DUMMYFUNCTION("""COMPUTED_VALUE"""),20.0) -> 20 | F97: =IFERROR(__xludf.DUMMYFUNCTION("""COMPUTED_VALUE"""),"DigiKey") -> DigiKey | G97: =IFERROR(__xludf.DUMMYFUNCTION("""COMPUTED_VALUE"""),"445-9118-6-ND") -> 445-9118-6-ND | N97: =IFERROR(__xludf.DUMMYFUNCTION("""COMPUTED_VALUE"""),"OEPS F01 082") -> OEPS F01 082 | O97: =IFERROR(__xludf.DUMMYFUNCTION("""COMPUTED_VALUE"""),"SSQ-102-03-G-S") -> SSQ-102-03-G-S | P97: =IFERROR(__xludf.DUMMYFUNCTION("""COMPUTED_VALUE"""),"1 3 ") -> 1 3 | Q97: =IFERROR(__xludf.DUMMYFUNCTION("""COMPUTED_VALUE"""),4.0) -> 4 | R97: =IFERROR(__xludf.DUMMYFUNCTION("""COMPUTED_VALUE"""),1.0) -> 1 | S97: =IFERROR(__xludf.DUMMYFUNCTION("""COMPUTED_VALUE"""),"Bag") -> Bag | T97: =IFERROR(__xludf.DUMMYFUNCTION("""COMPUTED_VALUE"""),"0421") -> 0421 | U97: =IFERROR(__xludf.DUMMYFUNCTION("""COMPUTED_VALUE"""),3.0) -> 3 | V97: =IFERROR(__xludf.DUMMYFUNCTION("""COMPUTED_VALUE"""),"Bag") -> Bag | W97: =IFERROR(__xludf.DUMMYFUNCTION("""COMPUTED_VALUE"""),"N/A") -> N/A
A98: =IFERROR(__xludf.DUMMYFUNCTION("""COMPUTED_VALUE"""),"CAPACITOR: SMD CER 0603 4.7uF 25V ±10% X5R (OEPS J05 009) [GRM188R61E475KE11D] [SMD]") -> CAPACITOR: SMD CER 0603 4.7uF 25V ±10% X5R (OEPS J05 009) [GRM188R61E475KE11D] [SMD] | B98: =IFERROR(__xludf.DUMMYFUNCTION("""COMPUTED_VALUE"""),"OEPS010047") -> OEPS010047 | C98: =IFERROR(__xludf.DUMMYFUNCTION("""COMPUTED_VALUE"""),"SMD") -> SMD | D98: =IFERROR(__xludf.DUMMYFUNCTION("""COMPUTED_VALUE"""),"GRM188R61E475KE11D") -> GRM188R61E475KE11D | E98: =IFERROR(__xludf.DUMMYFUNCTION("""COMPUTED_VALUE"""),30.0) -> 30 | F98: =IFERROR(__xludf.DUMMYFUNCTION("""COMPUTED_VALUE"""),"DigiKey") -> DigiKey | G98: =IFERROR(__xludf.DUMMYFUNCTION("""COMPUTED_VALUE"""),"490-7203-6-ND") -> 490-7203-6-ND | N98: =IFERROR(__xludf.DUMMYFUNCTION("""COMPUTED_VALUE"""),"OEPS F01 084") -> OEPS F01 084 | O98: =IFERROR(__xludf.DUMMYFUNCTION("""COMPUTED_VALUE"""),"ESR03EZPF4700") -> ESR03EZPF4700 | P98: =IFERROR(__xludf.DUMMYFUNCTION("""COMPUTED_VALUE"""),"14(R) ") -> 14(R) | Q98: =IFERROR(__xludf.DUMMYFUNCTION("""COMPUTED_VALUE"""),14.0) -> 14 | R98: =IFERROR(__xludf.DUMMYFUNCTION("""COMPUTED_VALUE"""),14.0) -> 14 | S98: =IFERROR(__xludf.DUMMYFUNCTION("""COMPUTED_VALUE"""),"Reel") -> Reel | T98: =IFERROR(__xludf.DUMMYFUNCTION("""COMPUTED_VALUE"""),"0421") -> 0421
A99: =IFERROR(__xludf.DUMMYFUNCTION("""COMPUTED_VALUE"""),"CAPACITOR: SMD CER 0603 47pF 50V ±5% C0G [06035A470JAT2A] [SMD]") -> CAPACITOR: SMD CER 0603 47pF 50V ±5% C0G [06035A470JAT2A] [SMD] | B99: =IFERROR(__xludf.DUMMYFUNCTION("""COMPUTED_VALUE"""),"OEPS010012") -> OEPS010012 | C99: =IFERROR(__xludf.DUMMYFUNCTION("""COMPUTED_VALUE"""),"SMD") -> SMD | D99: =IFERROR(__xludf.DUMMYFUNCTION("""COMPUTED_VALUE"""),"06035A470JAT2A") -> 06035A470JAT2A | E99: =IFERROR(__xludf.DUMMYFUNCTION("""COMPUTED_VALUE"""),20.0) -> 20 | F99: =IFERROR(__xludf.DUMMYFUNCTION("""COMPUTED_VALUE"""),"DigiKey") -> DigiKey | G99: =IFERROR(__xludf.DUMMYFUNCTION("""COMPUTED_VALUE"""),"478-1171-6-ND") -> 478-1171-6-ND | N99: =IFERROR(__xludf.DUMMYFUNCTION("""COMPUTED_VALUE"""),"OEPS H02 002") -> OEPS H02 002 | O99: =IFERROR(__xludf.DUMMYFUNCTION("""COMPUTED_VALUE"""),"C0402C273K4RACTU") -> C0402C273K4RACTU
A100: =IFERROR(__xludf.DUMMYFUNCTION("""COMPUTED_VALUE"""),"CAPACITOR: SMD CER 0603 75pF 50V C0G [0603N750J500CT] [SMD]") -> CAPACITOR: SMD CER 0603 75pF 50V C0G [0603N750J500CT] [SMD] | B100: =IFERROR(__xludf.DUMMYFUNCTION("""COMPUTED_VALUE"""),"OEPS010070") -> OEPS010070 | C100: =IFERROR(__xludf.DUMMYFUNCTION("""COMPUTED_VALUE"""),"SMD") -> SMD | D100: =IFERROR(__xludf.DUMMYFUNCTION("""COMPUTED_VALUE"""),"0603N750J500CT") -> 0603N750J500CT | E100: =IFERROR(__xludf.DUMMYFUNCTION("""COMPUTED_VALUE"""),30.0) -> 30 | F100: =IFERROR(__xludf.DUMMYFUNCTION("""COMPUTED_VALUE"""),"Digikey") -> Digikey | G100: =IFERROR(__xludf.DUMMYFUNCTION("""COMPUTED_VALUE"""),"1292-1545-6-ND") -> 1292-1545-6-ND | N100: =IFERROR(__xludf.DUMMYFUNCTION("""COMPUTED_VALUE"""),"OEPS H02 005A") -> OEPS H02 005A | O100: =IFERROR(__xludf.DUMMYFUNCTION("""COMPUTED_VALUE"""),"RC0603FR-070RL") -> RC0603FR-070RL
...
